codice_istat,comune,denominazione_ufficiale,denominazione_altra_lingua,uts_ex_provincia,cod_uts,sigla,zona_altimetrica_cod,zona_altimetrica,litoraneo,isolano,zone_costiere_2021,degurba_2021,altitudine_municipio_m,alt_min_m,alt_max_m,alt_mediana_m,superficie_kmq,anno_superficie,pop_legale,anno_censimento,pop_residente,anno_pop_residente,zone_montane_ue_2014,aree_interne_2020,ecoregione_sottosezione,lat,lon,coord_fonte,wd_lat,wd_lon,dist_wd_m,wikidata,nome_sl_wikidata,nome_de_wikidata,nome_fur_wikidata,fonte
030001,Aiello del Friuli,Aiello del Friuli,,Udine,030,UD,5,pianura,0,0,0,3,18,3,31,15,13.3473,2026,2174,2021,2088,2024,0,C,Sottosezione Pianura Centrale,45.870691,13.362331,OSM municipio way/36373549,45.866667,13.366667,559,Q53212,Aiello del Friuli,Aiello del Friuli,Dael,"ISTAT SITUAS rep.61/73/74/75 al 07/10/2026; ISTAT Altimetria comuni 31/12/2021 (DEM); ISTAT confini generalizzati 01/01/2026; Wikidata (coord, nomi)"
030002,Amaro,Amaro,,Udine,030,UD,1,montagna interna,0,0,0,3,293,241,1877,639,33.261,2026,844,2021,837,2024,1,D,Sottosezione Prealpina,46.373824,13.096118,OSM municipio relation/159171,46.375,13.096389,132,Q53213,Amaro,Amaro,Damâr,"ISTAT SITUAS rep.61/73/74/75 al 07/10/2026; ISTAT Altimetria comuni 31/12/2021 (DEM); ISTAT confini generalizzati 01/01/2026; Wikidata (coord, nomi)"
030003,Ampezzo,Ampezzo,,Udine,030,UD,1,montagna interna,0,0,0,3,563,451,2087,1133,73.6274,2026,920,2021,891,2024,1,E,Sottosezione Dolomitico-Carnica,46.416622,12.794601,OSM municipio way/35988318,46.417086,12.790274,336,Q53214,Ampezzo,Ampezzo,Dimpeç,"ISTAT SITUAS rep.61/73/74/75 al 07/10/2026; ISTAT Altimetria comuni 31/12/2021 (DEM); ISTAT confini generalizzati 01/01/2026; Wikidata (coord, nomi)"
030004,Aquileia,Aquileia,,Udine,030,UD,5,pianura,0,0,1,3,5,-8,17,0,37.4395,2026,3148,2021,3124,2024,0,C,Sottosezione Lagunare,45.766434,13.364921,OSM municipio way/36659861,45.766667,13.366667,138,Q53216,Oglej,Aquileia,Aquilee,"ISTAT SITUAS rep.61/73/74/75 al 07/10/2026; ISTAT Altimetria comuni 31/12/2021 (DEM); ISTAT confini generalizzati 01/01/2026; Wikidata (coord, nomi)"
030005,Arta Terme,Arta Terme,,Udine,030,UD,1,montagna interna,0,0,0,3,446,397,2164,888,42.7697,2026,2056,2021,2000,2024,1,E,Sottosezione Dolomitico-Carnica,46.472837,13.024952,OSM municipio way/36660153,46.47238,13.026675,141,Q53217,,Arta Terme,Darte,"ISTAT SITUAS rep.61/73/74/75 al 07/10/2026; ISTAT Altimetria comuni 31/12/2021 (DEM); ISTAT confini generalizzati 01/01/2026; Wikidata (coord, nomi)"
030006,Artegna,Artegna,,Udine,030,UD,3,collina interna,0,0,0,2,217,169,528,185,11.2209,2026,2882,2021,2902,2024,1,D,Sottosezione Prealpina,46.241786,13.15602,OSM municipio way/36660183,46.233333,13.15,1048,Q53220,Artegna,Artegna,Dartigne,"ISTAT SITUAS rep.61/73/74/75 al 07/10/2026; ISTAT Altimetria comuni 31/12/2021 (DEM); ISTAT confini generalizzati 01/01/2026; Wikidata (coord, nomi)"
030007,Attimis,Attimis,,Udine,030,UD,3,collina interna,0,0,0,3,197,145,1086,395,33.2372,2026,1683,2021,1653,2024,1,C,Sottosezione Prealpina,46.188712,13.305112,OSM municipio way/36660066,46.183333,13.3,716,Q53221,Ahten,Attimis,Atimis,"ISTAT SITUAS rep.61/73/74/75 al 07/10/2026; ISTAT Altimetria comuni 31/12/2021 (DEM); ISTAT confini generalizzati 01/01/2026; Wikidata (coord, nomi)"
030008,Bagnaria Arsa,Bagnaria Arsa,,Udine,030,UD,5,pianura,0,0,0,3,20,-3,28,13,19.2331,2026,3453,2021,3448,2024,0,C,Sottosezione Pianura Centrale,45.887943,13.301511,OSM municipio way/36659997,45.883333,13.283333,1497,Q53223,Bagnaria Arsa,Bagnaria Arsa,Bagnarie,"ISTAT SITUAS rep.61/73/74/75 al 07/10/2026; ISTAT Altimetria comuni 31/12/2021 (DEM); ISTAT confini generalizzati 01/01/2026; Wikidata (coord, nomi)"
030009,Basiliano,Basiliano,,Udine,030,UD,5,pianura,0,0,0,3,76,49,106,74,43.0277,2026,5233,2021,5146,2024,0,C,Sottosezione Pianura Centrale,46.015919,13.106787,OSM municipio node/1835531469,46.016667,13.1,531,Q53224,Basiliano,Basiliano,Basilian,"ISTAT SITUAS rep.61/73/74/75 al 07/10/2026; ISTAT Altimetria comuni 31/12/2021 (DEM); ISTAT confini generalizzati 01/01/2026; Wikidata (coord, nomi)"
030010,Bertiolo,Bertiolo,,Udine,030,UD,5,pianura,0,0,0,3,33,13,51,31,26.052,2026,2376,2021,2334,2024,0,C,Sottosezione Pianura Centrale,45.943497,13.055082,OSM municipio way/36659987,45.945,13.055278,168,Q53225,Bertiolo,Bertiolo,Bertiûl,"ISTAT SITUAS rep.61/73/74/75 al 07/10/2026; ISTAT Altimetria comuni 31/12/2021 (DEM); ISTAT confini generalizzati 01/01/2026; Wikidata (coord, nomi)"
030011,Bicinicco,Bicinicco,,Udine,030,UD,5,pianura,0,0,0,3,37,17,50,33,16.0085,2026,1811,2021,1742,2024,0,C,Sottosezione Pianura Centrale,45.931282,13.249551,OSM municipio way/36659991,45.933333,13.25,231,Q53226,Bicinicco,Bicinicco,Bicinins,"ISTAT SITUAS rep.61/73/74/75 al 07/10/2026; ISTAT Altimetria comuni 31/12/2021 (DEM); ISTAT confini generalizzati 01/01/2026; Wikidata (coord, nomi)"
030012,Bordano,Bordano,,Udine,030,UD,1,montagna interna,0,0,0,3,217,192,1506,494,14.9043,2026,710,2021,697,2024,1,D,Sottosezione Prealpina,46.315353,13.106064,OSM municipio way/36660174,46.316667,13.1,488,Q53228,Bordano,Bordano,Bordan,"ISTAT SITUAS rep.61/73/74/75 al 07/10/2026; ISTAT Altimetria comuni 31/12/2021 (DEM); ISTAT confini generalizzati 01/01/2026; Wikidata (coord, nomi)"
030013,Buja,Buja,,Udine,030,UD,3,collina interna,0,0,0,2,221,158,330,175,25.5057,2026,6337,2021,6353,2024,0,C,Sottosezione Prealpina,46.209018,13.125724,OSM municipio way/36660184,46.21222,13.11691,766,Q53229,Buja,Buja,Buie,"ISTAT SITUAS rep.61/73/74/75 al 07/10/2026; ISTAT Altimetria comuni 31/12/2021 (DEM); ISTAT confini generalizzati 01/01/2026; Wikidata (coord, nomi)"
030014,Buttrio,Buttrio,,Udine,030,UD,5,pianura,0,0,0,3,74,55,138,82,17.7768,2026,3878,2021,3930,2024,0,C,Sottosezione Pianura Centrale,46.013108,13.330438,OSM municipio way/36660081,46.016667,13.333333,454,Q53230,Buttrio,Buttrio,Buri,"ISTAT SITUAS rep.61/73/74/75 al 07/10/2026; ISTAT Altimetria comuni 31/12/2021 (DEM); ISTAT confini generalizzati 01/01/2026; Wikidata (coord, nomi)"
030015,Camino al Tagliamento,Camino al Tagliamento,,Udine,030,UD,5,pianura,0,0,0,3,31,12,47,32,22.3179,2026,1544,2021,1521,2024,0,C,Sottosezione Pianura Centrale,45.927129,12.94407,OSM municipio way/36660108,45.9275,12.944722,65,Q53231,Camino al Tagliamento,Camino al Tagliamento,Cjamin di Codroip,"ISTAT SITUAS rep.61/73/74/75 al 07/10/2026; ISTAT Altimetria comuni 31/12/2021 (DEM); ISTAT confini generalizzati 01/01/2026; Wikidata (coord, nomi)"
030016,Campoformido,Campoformido,,Udine,030,UD,5,pianura,0,0,0,3,77,58,109,84,21.9324,2026,7857,2021,7832,2024,0,C,Sottosezione Pianura Centrale,46.019846,13.160077,OSM municipio way/36660079,46.016667,13.166667,620,Q53232,Campoformido,Campoformido,Cjampfuarmit,"ISTAT SITUAS rep.61/73/74/75 al 07/10/2026; ISTAT Altimetria comuni 31/12/2021 (DEM); ISTAT confini generalizzati 01/01/2026; Wikidata (coord, nomi)"
030018,Carlino,Carlino,,Udine,030,UD,5,pianura,0,0,1,3,6,-6,16,2,30.213,2026,2702,2021,2606,2024,0,C,Sottosezione Pianura Centrale,45.801736,13.188041,OSM municipio way/36660001,45.8,13.183333,413,Q53235,Carlino,Carlino,Cjarlins,"ISTAT SITUAS rep.61/73/74/75 al 07/10/2026; ISTAT Altimetria comuni 31/12/2021 (DEM); ISTAT confini generalizzati 01/01/2026; Wikidata (coord, nomi)"
030019,Cassacco,Cassacco,,Udine,030,UD,3,collina interna,0,0,0,2,178,150,248,192,11.6784,2026,2807,2021,2775,2024,0,C,Sottosezione Prealpina,46.173947,13.186293,OSM municipio way/36660065,46.166667,13.183333,841,Q53236,Cassacco,Cassacco,Cjassà,"ISTAT SITUAS rep.61/73/74/75 al 07/10/2026; ISTAT Altimetria comuni 31/12/2021 (DEM); ISTAT confini generalizzati 01/01/2026; Wikidata (coord, nomi)"
030020,Castions di Strada,Castions di Strada,,Udine,030,UD,5,pianura,0,0,0,3,24,1,36,19,32.8328,2026,3694,2021,3638,2024,0,C,Sottosezione Pianura Centrale,45.908487,13.185076,OSM municipio way/36659989,45.9,13.183333,953,Q53237,Castions di Strada,Castions di Strada,Cjasteons di Strade,"ISTAT SITUAS rep.61/73/74/75 al 07/10/2026; ISTAT Altimetria comuni 31/12/2021 (DEM); ISTAT confini generalizzati 01/01/2026; Wikidata (coord, nomi)"
030021,Cavazzo Carnico,Cavazzo Carnico,,Udine,030,UD,1,montagna interna,0,0,0,3,283,190,1703,464,39.4345,2026,937,2021,955,2024,1,D,Sottosezione Prealpina,46.367246,13.041025,OSM municipio way/36660170,46.366667,13.033333,594,Q53239,Cavazzo Carnico,Cavazzo Carnico,Cjavaç,"ISTAT SITUAS rep.61/73/74/75 al 07/10/2026; ISTAT Altimetria comuni 31/12/2021 (DEM); ISTAT confini generalizzati 01/01/2026; Wikidata (coord, nomi)"
030022,Cercivento,Cercivento,,Udine,030,UD,1,montagna interna,0,0,0,3,607,544,2057,1056,15.7819,2026,652,2021,618,2024,1,E,Sottosezione Dolomitico-Carnica,46.527049,12.987961,OSM municipio relation/160113,46.52727,12.989234,100,Q53240,Cercivento,Cercivento,Çurçuvint,"ISTAT SITUAS rep.61/73/74/75 al 07/10/2026; ISTAT Altimetria comuni 31/12/2021 (DEM); ISTAT confini generalizzati 01/01/2026; Wikidata (coord, nomi)"
030023,Cervignano del Friuli,Cervignano del Friuli,,Udine,030,UD,5,pianura,0,0,1,2,8,-6,22,5,29.1667,2026,13546,2021,13784,2024,0,C,Sottosezione Pianura Centrale,45.823461,13.334307,OSM municipio way/36660031,45.823056,13.335,70,Q53241,Červinjan,Cervignano del Friuli,Çarvignan,"ISTAT SITUAS rep.61/73/74/75 al 07/10/2026; ISTAT Altimetria comuni 31/12/2021 (DEM); ISTAT confini generalizzati 01/01/2026; Wikidata (coord, nomi)"
030024,Chiopris-Viscone,Chiopris-Viscone,,Udine,030,UD,5,pianura,0,0,0,3,35,25,49,36,9.2128,2026,682,2021,703,2024,0,C,Sottosezione Pianura Centrale,45.924418,13.402598,OSM municipio node/2142694752,45.92667,13.40417,278,Q53242,Choriopis - Viscone,Chiopris-Viscone,Cjopris e Viscon,"ISTAT SITUAS rep.61/73/74/75 al 07/10/2026; ISTAT Altimetria comuni 31/12/2021 (DEM); ISTAT confini generalizzati 01/01/2026; Wikidata (coord, nomi)"
030025,Chiusaforte,Chiusaforte,,Udine,030,UD,1,montagna interna,0,0,0,3,386,323,2707,1205,100.1976,2026,614,2021,584,2024,1,E,Sottosezione Dolomitico-Carnica,46.408248,13.3107,OSM municipio way/36660155,46.408334,13.309025,129,Q53243,Kluže,Chiusaforte,Scluse,"ISTAT SITUAS rep.61/73/74/75 al 07/10/2026; ISTAT Altimetria comuni 31/12/2021 (DEM); ISTAT confini generalizzati 01/01/2026; Wikidata (coord, nomi)"
030026,Cividale del Friuli,Cividale del Friuli,,Udine,030,UD,3,collina interna,0,0,0,2,141,94,526,137,50.6356,2026,10875,2021,10755,2024,1,D,Sottosezione Pianura Centrale,46.093623,13.430328,OSM nodo place capoluogo (Nominatim),46.0905,13.435,500,Q53245,Čedad,Cividale del Friuli,Cividât,"ISTAT SITUAS rep.61/73/74/75 al 07/10/2026; ISTAT Altimetria comuni 31/12/2021 (DEM); ISTAT confini generalizzati 01/01/2026; Wikidata (coord, nomi)"
030027,Codroipo,Codroipo,,Udine,030,UD,5,pianura,0,0,0,2,47,18,75,44,75.2019,2026,15877,2021,15802,2024,0,B,Sottosezione Pianura Centrale,45.961593,12.977352,OSM municipio node/10068116498,45.961425,12.977386,19,Q53246,Codroipo,Codroipo,Codroip,"ISTAT SITUAS rep.61/73/74/75 al 07/10/2026; ISTAT Altimetria comuni 31/12/2021 (DEM); ISTAT confini generalizzati 01/01/2026; Wikidata (coord, nomi)"
030028,Colloredo di Monte Albano,Colloredo di Monte Albano,,Udine,030,UD,3,collina interna,0,0,0,3,200,147,234,184,21.7506,2026,2192,2021,2210,2024,0,C,Sottosezione Prealpina,46.16342,13.136533,OSM municipio way/36660061,46.166667,13.133333,437,Q53248,,Colloredo di Monte Albano,Colorêt di Montalban,"ISTAT SITUAS rep.61/73/74/75 al 07/10/2026; ISTAT Altimetria comuni 31/12/2021 (DEM); ISTAT confini generalizzati 01/01/2026; Wikidata (coord, nomi)"
030029,Comeglians,Comeglians,,Udine,030,UD,1,montagna interna,0,0,0,3,544,514,2229,981,19.4141,2026,442,2021,422,2024,1,E,Sottosezione Dolomitico-Carnica,46.513655,12.867605,OSM municipio way/36660143,46.515234,12.867804,176,Q53249,Comeglians,Comeglians,Comelians,"ISTAT SITUAS rep.61/73/74/75 al 07/10/2026; ISTAT Altimetria comuni 31/12/2021 (DEM); ISTAT confini generalizzati 01/01/2026; Wikidata (coord, nomi)"
030030,Corno di Rosazzo,Corno di Rosazzo,,Udine,030,UD,3,collina interna,0,0,0,2,88,49,217,87,12.6215,2026,3118,2021,3108,2024,0,C,Sottosezione Pianura Centrale,45.99655,13.441591,OSM municipio way/36660008,45.983333,13.45,1607,Q53250,Corno di Rosazzo,Corno di Rosazzo,Cuar di Rosacis,"ISTAT SITUAS rep.61/73/74/75 al 07/10/2026; ISTAT Altimetria comuni 31/12/2021 (DEM); ISTAT confini generalizzati 01/01/2026; Wikidata (coord, nomi)"
030031,Coseano,Coseano,,Udine,030,UD,5,pianura,0,0,0,3,121,88,146,119,23.6983,2026,2045,2021,1996,2024,0,C,Sottosezione Pianura Centrale,46.096828,13.018747,OSM municipio way/36660075,46.1,13.016667,387,Q53251,Coseano,Coseano,Cosean,"ISTAT SITUAS rep.61/73/74/75 al 07/10/2026; ISTAT Altimetria comuni 31/12/2021 (DEM); ISTAT confini generalizzati 01/01/2026; Wikidata (coord, nomi)"
030032,Dignano,Dignano,,Udine,030,UD,5,pianura,0,0,0,3,114,83,154,111,27.6031,2026,2262,2021,2242,2024,0,C,Sottosezione Pianura Centrale,46.087434,12.938218,OSM municipio way/36660049,46.083333,12.933333,591,Q53252,Dignano,Dignano,Dignan,"ISTAT SITUAS rep.61/73/74/75 al 07/10/2026; ISTAT Altimetria comuni 31/12/2021 (DEM); ISTAT confini generalizzati 01/01/2026; Wikidata (coord, nomi)"
030033,Dogna,Dogna,,Udine,030,UD,1,montagna interna,0,0,0,3,424,409,2718,1201,70.3682,2026,154,2021,146,2024,1,E,Sottosezione Dolomitico-Carnica,46.447601,13.316007,OSM municipio way/36018318,46.447931,13.315019,84,Q53253,Dunja,Dogna,Dogne,"ISTAT SITUAS rep.61/73/74/75 al 07/10/2026; ISTAT Altimetria comuni 31/12/2021 (DEM); ISTAT confini generalizzati 01/01/2026; Wikidata (coord, nomi)"
030034,Drenchia,Drenchia,,Udine,030,UD,1,montagna interna,0,0,0,3,696,306,1128,627,12.0083,2026,99,2021,89,2024,1,E,Sottosezione Prealpina,46.17522,13.622214,OSM municipio way/36660086,46.183889,13.636389,1456,Q53254,Dreka,Drenchia,Drencje,"ISTAT SITUAS rep.61/73/74/75 al 07/10/2026; ISTAT Altimetria comuni 31/12/2021 (DEM); ISTAT confini generalizzati 01/01/2026; Wikidata (coord, nomi)"
030035,Enemonzo,Enemonzo,,Udine,030,UD,1,montagna interna,0,0,0,3,400,351,1841,566,23.7602,2026,1280,2021,1240,2024,1,E,Sottosezione Prealpina,46.410312,12.879384,OSM municipio way/35989732,46.410902,12.878716,83,Q53255,Enemonzo,Enemonzo,Enemonç,"ISTAT SITUAS rep.61/73/74/75 al 07/10/2026; ISTAT Altimetria comuni 31/12/2021 (DEM); ISTAT confini generalizzati 01/01/2026; Wikidata (coord, nomi)"
030036,Faedis,Faedis,,Udine,030,UD,3,collina interna,0,0,0,3,173,114,1115,393,46.7805,2026,2775,2021,2765,2024,1,C,Sottosezione Prealpina,46.152817,13.344168,OSM municipio node/5018636797,46.15,13.35,548,Q53256,Fojda,Faedis,Faedis,"ISTAT SITUAS rep.61/73/74/75 al 07/10/2026; ISTAT Altimetria comuni 31/12/2021 (DEM); ISTAT confini generalizzati 01/01/2026; Wikidata (coord, nomi)"
030037,Fagagna,Fagagna,,Udine,030,UD,3,collina interna,0,0,0,3,178,95,258,161,37.1865,2026,6010,2021,6048,2024,0,C,Sottosezione Pianura Centrale,46.113384,13.084104,OSM municipio way/235931904,46.116667,13.083333,370,Q53258,Fagagna,Fagagna,Feagne,"ISTAT SITUAS rep.61/73/74/75 al 07/10/2026; ISTAT Altimetria comuni 31/12/2021 (DEM); ISTAT confini generalizzati 01/01/2026; Wikidata (coord, nomi)"
030039,Flaibano,Flaibano,,Udine,030,UD,5,pianura,0,0,0,3,104,74,120,98,17.3419,2026,1095,2021,1096,2024,0,C,Sottosezione Pianura Centrale,46.058736,12.983447,OSM municipio way/36660048,46.05,12.983333,971,Q53260,Flaibano,Flaibano,Flaiban,"ISTAT SITUAS rep.61/73/74/75 al 07/10/2026; ISTAT Altimetria comuni 31/12/2021 (DEM); ISTAT confini generalizzati 01/01/2026; Wikidata (coord, nomi)"
030040,Forni Avoltri,Forni Avoltri,,Udine,030,UD,1,montagna interna,0,0,0,3,877,784,2752,1594,80.7484,2026,515,2021,499,2024,1,F,Sottosezione Dolomitico-Carnica,46.584479,12.778473,OSM municipio way/36660140,46.586831,12.776908,288,Q53262,Forni Avoltri,Forni Avoltri,For Davôtri,"ISTAT SITUAS rep.61/73/74/75 al 07/10/2026; ISTAT Altimetria comuni 31/12/2021 (DEM); ISTAT confini generalizzati 01/01/2026; Wikidata (coord, nomi)"
030041,Forni di Sopra,Forni di Sopra,,Udine,030,UD,1,montagna interna,0,0,0,3,901,786,2452,1591,81.6555,2026,923,2021,907,2024,1,F,Sottosezione Dolomitico-Carnica,46.423933,12.578381,OSM municipio node/3725861905,46.420227,12.585596,690,Q53263,,Forni di Sopra,For Disore,"ISTAT SITUAS rep.61/73/74/75 al 07/10/2026; ISTAT Altimetria comuni 31/12/2021 (DEM); ISTAT confini generalizzati 01/01/2026; Wikidata (coord, nomi)"
030042,Forni di Sotto,Forni di Sotto,,Udine,030,UD,1,montagna interna,0,0,0,3,774,557,2466,1358,93.5942,2026,548,2021,520,2024,1,F,Sottosezione Dolomitico-Carnica,46.393566,12.671848,OSM municipio way/36023686,46.4,12.666667,818,Q53264,Forni di Sotto,Forni di Sotto,For Disot,"ISTAT SITUAS rep.61/73/74/75 al 07/10/2026; ISTAT Altimetria comuni 31/12/2021 (DEM); ISTAT confini generalizzati 01/01/2026; Wikidata (coord, nomi)"
030043,Gemona del Friuli,Gemona del Friuli,,Udine,030,UD,3,collina interna,0,0,0,2,271,171,1708,559,56.0573,2026,10544,2021,10439,2024,1,D,Sottosezione Prealpina,46.276823,13.139824,OSM municipio way/190830811,46.27405,13.12237,1376,Q53265,Humin,Gemona del Friuli,Glemone,"ISTAT SITUAS rep.61/73/74/75 al 07/10/2026; ISTAT Altimetria comuni 31/12/2021 (DEM); ISTAT confini generalizzati 01/01/2026; Wikidata (coord, nomi)"
030044,Gonars,Gonars,,Udine,030,UD,5,pianura,0,0,0,2,24,8,35,21,19.8169,2026,4554,2021,4571,2024,0,C,Sottosezione Pianura Centrale,45.896562,13.236299,OSM municipio way/36659995,45.9,13.233333,446,Q53266,Gonars,Gonars,Gonars,"ISTAT SITUAS rep.61/73/74/75 al 07/10/2026; ISTAT Altimetria comuni 31/12/2021 (DEM); ISTAT confini generalizzati 01/01/2026; Wikidata (coord, nomi)"
030045,Grimacco,Grimacco,,Udine,030,UD,1,montagna interna,0,0,0,3,267,222,975,544,16.1058,2026,293,2021,302,2024,1,E,Sottosezione Prealpina,46.156556,13.593644,OSM municipio way/36660085,46.15554,13.56966,1851,Q53267,Grmek,Grimacco,Grimàc,"ISTAT SITUAS rep.61/73/74/75 al 07/10/2026; ISTAT Altimetria comuni 31/12/2021 (DEM); ISTAT confini generalizzati 01/01/2026; Wikidata (coord, nomi)"
030046,Latisana,Latisana,,Udine,030,UD,5,pianura,0,0,1,2,12,-7,21,3,37.7996,2026,13201,2021,13219,2024,0,A,Sottosezione Lagunare,45.776336,12.995294,OSM municipio relation/159172,45.783333,13.0,859,Q53269,Latisana,Latisana,Tisane,"ISTAT SITUAS rep.61/73/74/75 al 07/10/2026; ISTAT Altimetria comuni 31/12/2021 (DEM); ISTAT confini generalizzati 01/01/2026; Wikidata (coord, nomi)"
030047,Lauco,Lauco,,Udine,030,UD,1,montagna interna,0,0,0,3,745,380,1931,1001,34.7577,2026,663,2021,639,2024,1,E,Sottosezione Dolomitico-Carnica,46.424111,12.933092,OSM municipio node/2503249236,46.424042,12.933029,9,Q53270,Lauco,Lauco,Lauc,"ISTAT SITUAS rep.61/73/74/75 al 07/10/2026; ISTAT Altimetria comuni 31/12/2021 (DEM); ISTAT confini generalizzati 01/01/2026; Wikidata (coord, nomi)"
030048,Lestizza,Lestizza,,Udine,030,UD,5,pianura,0,0,0,3,46,32,63,48,34.338,2026,3677,2021,3562,2024,0,C,Sottosezione Pianura Centrale,45.957742,13.141058,OSM municipio way/36659985,45.95,13.133333,1048,Q53271,Lestizza,Lestizza,Listize,"ISTAT SITUAS rep.61/73/74/75 al 07/10/2026; ISTAT Altimetria comuni 31/12/2021 (DEM); ISTAT confini generalizzati 01/01/2026; Wikidata (coord, nomi)"
030049,Lignano Sabbiadoro,Lignano Sabbiadoro,,Udine,030,UD,5,pianura,1,0,1,2,4,-8,20,3,15.7131,2026,6833,2021,6888,2024,0,C,Sottosezione Lagunare,45.689167,13.129643,OSM municipio way/36659859,45.655,13.093056,4745,Q53273,Lignano Sabbiadoro,Lignano Sabbiadoro,Lignan,"ISTAT SITUAS rep.61/73/74/75 al 07/10/2026; ISTAT Altimetria comuni 31/12/2021 (DEM); ISTAT confini generalizzati 01/01/2026; Wikidata (coord, nomi)"
030051,Lusevera,Lusevera,,Udine,030,UD,1,montagna interna,0,0,0,3,329,309,1846,808,53.0467,2026,585,2021,613,2024,1,D,Sottosezione Prealpina,46.264677,13.260455,OSM municipio way/36660182,46.266667,13.266667,526,Q53275,Bardo,Lusevera,Lusèvare,"ISTAT SITUAS rep.61/73/74/75 al 07/10/2026; ISTAT Altimetria comuni 31/12/2021 (DEM); ISTAT confini generalizzati 01/01/2026; Wikidata (coord, nomi)"
030052,Magnano in Riviera,Magnano in Riviera,,Udine,030,UD,3,collina interna,0,0,0,2,200,181,449,198,8.34,2026,2273,2021,2235,2024,1,D,Sottosezione Prealpina,46.230992,13.17759,OSM municipio way/36660186,46.233333,13.166667,880,Q53276,Magnano in Riviera,Magnano in Riviera,Magnan,"ISTAT SITUAS rep.61/73/74/75 al 07/10/2026; ISTAT Altimetria comuni 31/12/2021 (DEM); ISTAT confini generalizzati 01/01/2026; Wikidata (coord, nomi)"
030053,Majano,Majano,,Udine,030,UD,3,collina interna,0,0,0,2,169,148,278,163,28.2752,2026,5834,2021,5714,2024,0,C,Sottosezione Prealpina,46.185232,13.069023,OSM municipio way/36660058,46.183333,13.066667,278,Q53277,Majano,Majano,Maian,"ISTAT SITUAS rep.61/73/74/75 al 07/10/2026; ISTAT Altimetria comuni 31/12/2021 (DEM); ISTAT confini generalizzati 01/01/2026; Wikidata (coord, nomi)"
030054,Malborghetto Valbruna,Malborghetto Valbruna,,Udine,030,UD,1,montagna interna,0,0,0,3,727,622,2715,1287,124.2094,2026,910,2021,892,2024,1,E,Sottosezione Dolomitico-Carnica,46.50742,13.439355,OSM municipio way/36019263,46.507035,13.439125,46,Q53278,Naborjet - Ovčja vas,Malborghetto Valbruna,Malborghet,"ISTAT SITUAS rep.61/73/74/75 al 07/10/2026; ISTAT Altimetria comuni 31/12/2021 (DEM); ISTAT confini generalizzati 01/01/2026; Wikidata (coord, nomi)"
030055,Manzano,Manzano,,Udine,030,UD,5,pianura,0,0,0,2,69,41,231,65,31.0426,2026,6238,2021,6322,2024,0,C,Sottosezione Pianura Centrale,45.989637,13.385428,OSM municipio way/36326205,45.983333,13.383333,719,Q53279,Manzano,Manzano,Manzan,"ISTAT SITUAS rep.61/73/74/75 al 07/10/2026; ISTAT Altimetria comuni 31/12/2021 (DEM); ISTAT confini generalizzati 01/01/2026; Wikidata (coord, nomi)"
030056,Marano Lagunare,Marano Lagunare,,Udine,030,UD,5,pianura,1,0,1,3,4,-8,11,0,86.8558,2026,1756,2021,1674,2024,0,C,Sottosezione Lagunare,45.765409,13.167288,OSM municipio way/36659858,45.766667,13.166667,148,Q53280,Marano Lagunare,Marano Lagunare,Maran,"ISTAT SITUAS rep.61/73/74/75 al 07/10/2026; ISTAT Altimetria comuni 31/12/2021 (DEM); ISTAT confini generalizzati 01/01/2026; Wikidata (coord, nomi)"
030057,Martignacco,Martignacco,,Udine,030,UD,5,pianura,0,0,0,2,143,100,200,123,26.677,2026,6847,2021,6854,2024,0,C,Sottosezione Pianura Centrale,46.098147,13.130324,OSM municipio way/36660076,46.1,13.133333,310,Q53281,Martignaco,Martignacco,Martignà,"ISTAT SITUAS rep.61/73/74/75 al 07/10/2026; ISTAT Altimetria comuni 31/12/2021 (DEM); ISTAT confini generalizzati 01/01/2026; Wikidata (coord, nomi)"
030058,Mereto di Tomba,Mereto di Tomba,,Udine,030,UD,5,pianura,0,0,0,3,101,66,120,91,27.3672,2026,2530,2021,2518,2024,0,C,Sottosezione Pianura Centrale,46.051035,13.048527,OSM municipio way/36660074,46.05,13.033333,1178,Q53283,,Mereto di Tomba,Merêt di Tombe,"ISTAT SITUAS rep.61/73/74/75 al 07/10/2026; ISTAT Altimetria comuni 31/12/2021 (DEM); ISTAT confini generalizzati 01/01/2026; Wikidata (coord, nomi)"
030059,Moggio Udinese,Moggio Udinese,,Udine,030,UD,1,montagna interna,0,0,0,3,354,273,2275,1089,142.434,2026,1621,2021,1601,2024,1,E,Sottosezione Dolomitico-Carnica,46.410394,13.19475,OSM municipio way/36018169,46.409703,13.195143,83,Q53284,Možac,Moggio Udinese,Mueç,"ISTAT SITUAS rep.61/73/74/75 al 07/10/2026; ISTAT Altimetria comuni 31/12/2021 (DEM); ISTAT confini generalizzati 01/01/2026; Wikidata (coord, nomi)"
030060,Moimacco,Moimacco,,Udine,030,UD,5,pianura,0,0,0,3,121,99,131,114,11.7659,2026,1632,2021,1579,2024,0,C,Sottosezione Pianura Centrale,46.091809,13.380982,OSM municipio way/36660092,46.1,13.383333,929,Q53285,Moimacco,Moimacco,Muimans,"ISTAT SITUAS rep.61/73/74/75 al 07/10/2026; ISTAT Altimetria comuni 31/12/2021 (DEM); ISTAT confini generalizzati 01/01/2026; Wikidata (coord, nomi)"
030061,Montenars,Montenars,,Udine,030,UD,3,collina interna,0,0,0,3,470,241,1354,588,20.5915,2026,483,2021,498,2024,1,D,Sottosezione Prealpina,46.256678,13.180573,OSM municipio way/36660181,46.25,13.183333,772,Q53287,Gorjani,Montenars,Montenârs,"ISTAT SITUAS rep.61/73/74/75 al 07/10/2026; ISTAT Altimetria comuni 31/12/2021 (DEM); ISTAT confini generalizzati 01/01/2026; Wikidata (coord, nomi)"
030062,Mortegliano,Mortegliano,,Udine,030,UD,5,pianura,0,0,0,3,41,20,60,43,30.0529,2026,4814,2021,4808,2024,0,C,Sottosezione Pianura Centrale,45.944972,13.172276,OSM municipio node/3804925697,45.95,13.166667,708,Q53288,Mortegliano,Mortegliano,Mortean,"ISTAT SITUAS rep.61/73/74/75 al 07/10/2026; ISTAT Altimetria comuni 31/12/2021 (DEM); ISTAT confini generalizzati 01/01/2026; Wikidata (coord, nomi)"
030063,Moruzzo,Moruzzo,,Udine,030,UD,3,collina interna,0,0,0,3,260,144,272,202,17.776,2026,2452,2021,2400,2024,0,C,Sottosezione Prealpina,46.119651,13.123766,OSM municipio way/36660068,46.116667,13.116667,640,Q53290,,Moruzzo,Murùs,"ISTAT SITUAS rep.61/73/74/75 al 07/10/2026; ISTAT Altimetria comuni 31/12/2021 (DEM); ISTAT confini generalizzati 01/01/2026; Wikidata (coord, nomi)"
030064,Muzzana del Turgnano,Muzzana del Turgnano,,Udine,030,UD,5,pianura,0,0,1,3,9,-4,18,6,24.2909,2026,2360,2021,2320,2024,0,C,Sottosezione Pianura Centrale,45.817581,13.12781,OSM municipio way/36659999,45.816667,13.133333,440,Q53291,Muzzana del Turgnano,Muzzana del Turgnano,Muçane,"ISTAT SITUAS rep.61/73/74/75 al 07/10/2026; ISTAT Altimetria comuni 31/12/2021 (DEM); ISTAT confini generalizzati 01/01/2026; Wikidata (coord, nomi)"
030065,Nimis,Nimis,,Udine,030,UD,3,collina interna,0,0,0,3,212,177,969,378,33.8947,2026,2558,2021,2631,2024,1,C,Sottosezione Prealpina,46.201188,13.265811,OSM municipio way/36660187,46.200278,13.265,119,Q53296,Neme,Nimis,Nimis,"ISTAT SITUAS rep.61/73/74/75 al 07/10/2026; ISTAT Altimetria comuni 31/12/2021 (DEM); ISTAT confini generalizzati 01/01/2026; Wikidata (coord, nomi)"
030066,Osoppo,Osoppo,,Udine,030,UD,3,collina interna,0,0,0,3,183,141,305,176,22.4039,2026,2826,2021,2789,2024,0,D,Sottosezione Prealpina,46.256698,13.080546,OSM municipio way/162977545,46.25,13.083333,775,Q53297,Osopppo,Osoppo,Osôf,"ISTAT SITUAS rep.61/73/74/75 al 07/10/2026; ISTAT Altimetria comuni 31/12/2021 (DEM); ISTAT confini generalizzati 01/01/2026; Wikidata (coord, nomi)"
030067,Ovaro,Ovaro,,Udine,030,UD,1,montagna interna,0,0,0,3,532,425,2044,987,57.904,2026,1752,2021,1708,2024,1,E,Sottosezione Dolomitico-Carnica,46.483196,12.865548,OSM municipio way/36660147,46.482943,12.865389,31,Q53298,Ovaro,Ovaro,Davâr,"ISTAT SITUAS rep.61/73/74/75 al 07/10/2026; ISTAT Altimetria comuni 31/12/2021 (DEM); ISTAT confini generalizzati 01/01/2026; Wikidata (coord, nomi)"
030068,Pagnacco,Pagnacco,,Udine,030,UD,3,collina interna,0,0,0,2,170,115,221,168,14.9332,2026,5112,2021,5092,2024,0,C,Sottosezione Prealpina,46.12053,13.187325,OSM municipio way/36107423,46.116667,13.183333,528,Q53299,Pagnacco,Pagnacco,Pagnà,"ISTAT SITUAS rep.61/73/74/75 al 07/10/2026; ISTAT Altimetria comuni 31/12/2021 (DEM); ISTAT confini generalizzati 01/01/2026; Wikidata (coord, nomi)"
030069,Palazzolo dello Stella,Palazzolo dello Stella,,Udine,030,UD,5,pianura,0,0,1,3,6,-7,15,3,34.55,2026,2891,2021,2864,2024,0,C,Sottosezione Pianura Centrale,45.804466,13.079431,OSM municipio way/36659998,45.8,13.083333,581,Q53301,Palazzolo dello Stella,Palazzolo dello Stella,Palaçûl,"ISTAT SITUAS rep.61/73/74/75 al 07/10/2026; ISTAT Altimetria comuni 31/12/2021 (DEM); ISTAT confini generalizzati 01/01/2026; Wikidata (coord, nomi)"
030070,Palmanova,Palmanova,,Udine,030,UD,5,pianura,0,0,0,2,31,16,39,28,13.2769,2026,5288,2021,5311,2024,0,C,Sottosezione Pianura Centrale,45.904565,13.309551,OSM municipio way/36659990,45.9,13.316667,749,Q53302,Palmanova,Palmanova,Palme,"ISTAT SITUAS rep.61/73/74/75 al 07/10/2026; ISTAT Altimetria comuni 31/12/2021 (DEM); ISTAT confini generalizzati 01/01/2026; Wikidata (coord, nomi)"
030071,Paluzza,Paluzza,,Udine,030,UD,1,montagna interna,0,0,0,3,602,501,2723,1410,69.7487,2026,1995,2021,1923,2024,1,E,Sottosezione Dolomitico-Carnica,46.529506,13.016489,OSM municipio node/1883093864,46.530815,13.018207,196,Q53303,Paluzza,Paluzza,Paluce,"ISTAT SITUAS rep.61/73/74/75 al 07/10/2026; ISTAT Altimetria comuni 31/12/2021 (DEM); ISTAT confini generalizzati 01/01/2026; Wikidata (coord, nomi)"
030072,Pasian di Prato,Pasian di Prato,,Udine,030,UD,5,pianura,0,0,0,2,110,84,126,101,15.4141,2026,9265,2021,9251,2024,0,C,Sottosezione Pianura Centrale,46.049108,13.190787,OSM municipio relation/17703101,46.05,13.2,718,Q53304,Pasian di Prato,Pasian di Prato,Pasian di Prât,"ISTAT SITUAS rep.61/73/74/75 al 07/10/2026; ISTAT Altimetria comuni 31/12/2021 (DEM); ISTAT confini generalizzati 01/01/2026; Wikidata (coord, nomi)"
030073,Paularo,Paularo,,Udine,030,UD,1,montagna interna,0,0,0,3,650,517,2166,1230,84.241,2026,2373,2021,2298,2024,1,E,Sottosezione Dolomitico-Carnica,46.530378,13.116391,OSM municipio way/36660151,46.530346,13.116561,13,Q53306,Paularo,Paularo,Paulâr,"ISTAT SITUAS rep.61/73/74/75 al 07/10/2026; ISTAT Altimetria comuni 31/12/2021 (DEM); ISTAT confini generalizzati 01/01/2026; Wikidata (coord, nomi)"
030074,Pavia di Udine,Pavia di Udine,,Udine,030,UD,5,pianura,0,0,0,3,61,41,83,61,34.336,2026,5514,2021,5476,2024,0,C,Sottosezione Pianura Centrale,45.977591,13.281686,OSM municipio node/10300273502,46.0,13.3,2865,Q53307,Pavia di Udine,Pavia di Udine,Pavie,"ISTAT SITUAS rep.61/73/74/75 al 07/10/2026; ISTAT Altimetria comuni 31/12/2021 (DEM); ISTAT confini generalizzati 01/01/2026; Wikidata (coord, nomi)"
030075,Pocenia,Pocenia,,Udine,030,UD,5,pianura,0,0,1,3,9,1,25,10,23.9831,2026,2363,2021,2312,2024,0,C,Sottosezione Pianura Centrale,45.837077,13.098151,OSM municipio way/36660000,45.836389,13.101667,283,Q53308,Pocenia,Pocenia,Pucinie,"ISTAT SITUAS rep.61/73/74/75 al 07/10/2026; ISTAT Altimetria comuni 31/12/2021 (DEM); ISTAT confini generalizzati 01/01/2026; Wikidata (coord, nomi)"
030076,Pontebba,Pontebba,,Udine,030,UD,1,montagna interna,0,0,0,3,569,476,2230,1219,99.6592,2026,1322,2021,1291,2024,1,E,Sottosezione Dolomitico-Carnica,46.506115,13.304164,OSM municipio way/36660152,46.506531,13.306426,179,Q53309,Tablja,Pontebba,Pontêbe,"ISTAT SITUAS rep.61/73/74/75 al 07/10/2026; ISTAT Altimetria comuni 31/12/2021 (DEM); ISTAT confini generalizzati 01/01/2026; Wikidata (coord, nomi)"
030077,Porpetto,Porpetto,,Udine,030,UD,5,pianura,0,0,1,3,11,2,25,10,18.0541,2026,2475,2021,2453,2024,0,C,Sottosezione Pianura Centrale,45.858493,13.21482,OSM municipio way/36659996,45.85,13.216667,955,Q53312,Porpetto,Porpetto,Porpêt,"ISTAT SITUAS rep.61/73/74/75 al 07/10/2026; ISTAT Altimetria comuni 31/12/2021 (DEM); ISTAT confini generalizzati 01/01/2026; Wikidata (coord, nomi)"
030078,Povoletto,Povoletto,,Udine,030,UD,5,pianura,0,0,0,3,136,113,389,145,38.4131,2026,5410,2021,5408,2024,1,C,Sottosezione Pianura Centrale,46.118558,13.298558,OSM municipio way/36660071,46.116667,13.283333,1192,Q53313,Poulét,Povoletto,Paulêt,"ISTAT SITUAS rep.61/73/74/75 al 07/10/2026; ISTAT Altimetria comuni 31/12/2021 (DEM); ISTAT confini generalizzati 01/01/2026; Wikidata (coord, nomi)"
030079,Pozzuolo del Friuli,Pozzuolo del Friuli,,Udine,030,UD,5,pianura,0,0,0,3,64,46,99,69,34.3697,2026,6906,2021,6846,2024,0,C,Sottosezione Pianura Centrale,45.984645,13.196736,OSM municipio way/36659986,45.968056,13.196944,1845,Q53314,Pozzuolo del Friuli,Pozzuolo del Friuli,Puçui,"ISTAT SITUAS rep.61/73/74/75 al 07/10/2026; ISTAT Altimetria comuni 31/12/2021 (DEM); ISTAT confini generalizzati 01/01/2026; Wikidata (coord, nomi)"
030080,Pradamano,Pradamano,,Udine,030,UD,5,pianura,0,0,0,3,90,68,107,87,15.9085,2026,3522,2021,3510,2024,0,C,Sottosezione Pianura Centrale,46.031191,13.299289,OSM municipio node/4182142564,46.033333,13.3,244,Q53315,Pradamano,Pradamano,Pradaman,"ISTAT SITUAS rep.61/73/74/75 al 07/10/2026; ISTAT Altimetria comuni 31/12/2021 (DEM); ISTAT confini generalizzati 01/01/2026; Wikidata (coord, nomi)"
030081,Prato Carnico,Prato Carnico,,Udine,030,UD,1,montagna interna,0,0,0,3,693,556,2452,1377,81.7205,2026,853,2021,809,2024,1,E,Sottosezione Dolomitico-Carnica,46.520399,12.798265,OSM municipio way/36660142,46.520306,12.797248,79,Q53316,Prato Carnico,Prato Carnico,Prât,"ISTAT SITUAS rep.61/73/74/75 al 07/10/2026; ISTAT Altimetria comuni 31/12/2021 (DEM); ISTAT confini generalizzati 01/01/2026; Wikidata (coord, nomi)"
030082,Precenicco,Precenicco,,Udine,030,UD,5,pianura,0,0,1,3,6,-3,12,2,27.2275,2026,1433,2021,1451,2024,0,C,Sottosezione Pianura Centrale,45.789791,13.078478,OSM municipio node/3887457519,45.756803,13.059668,3948,Q53317,Precenicco,Precenicco,Prissinins,"ISTAT SITUAS rep.61/73/74/75 al 07/10/2026; ISTAT Altimetria comuni 31/12/2021 (DEM); ISTAT confini generalizzati 01/01/2026; Wikidata (coord, nomi)"
030083,Premariacco,Premariacco,,Udine,030,UD,5,pianura,0,0,0,3,112,69,215,106,39.8849,2026,3973,2021,3944,2024,0,C,Sottosezione Pianura Centrale,46.060073,13.394239,OSM municipio way/36660093,46.066667,13.4,857,Q53318,Premarjag,Premariacco,Premariâs,"ISTAT SITUAS rep.61/73/74/75 al 07/10/2026; ISTAT Altimetria comuni 31/12/2021 (DEM); ISTAT confini generalizzati 01/01/2026; Wikidata (coord, nomi)"
030084,Preone,Preone,,Udine,030,UD,1,montagna interna,0,0,0,3,444,383,1881,916,22.4727,2026,252,2021,243,2024,1,E,Sottosezione Prealpina,46.395396,12.867688,OSM municipio way/36660160,46.4,12.866667,518,Q53319,Preone,Preone,Preon,"ISTAT SITUAS rep.61/73/74/75 al 07/10/2026; ISTAT Altimetria comuni 31/12/2021 (DEM); ISTAT confini generalizzati 01/01/2026; Wikidata (coord, nomi)"
030085,Prepotto,Prepotto,,Udine,030,UD,3,collina interna,0,0,0,3,111,67,715,252,33.2339,2026,713,2021,698,2024,1,D,Sottosezione Prealpina,46.046078,13.479579,OSM municipio way/36660094,46.04522,13.47921,100,Q53320,Prapotno,Prepotto,Prepot,"ISTAT SITUAS rep.61/73/74/75 al 07/10/2026; ISTAT Altimetria comuni 31/12/2021 (DEM); ISTAT confini generalizzati 01/01/2026; Wikidata (coord, nomi)"
030086,Pulfero,Pulfero,,Udine,030,UD,1,montagna interna,0,0,0,3,189,157,1630,631,48.676,2026,855,2021,836,2024,1,D,Sottosezione Prealpina,46.173399,13.485387,OSM municipio way/36660083,46.173333,13.484444,73,Q53321,Podbonesec,Pofer,Pulfar,"ISTAT SITUAS rep.61/73/74/75 al 07/10/2026; ISTAT Altimetria comuni 31/12/2021 (DEM); ISTAT confini generalizzati 01/01/2026; Wikidata (coord, nomi)"
030087,Ragogna,Ragogna,,Udine,030,UD,3,collina interna,0,0,0,2,230,119,514,198,22.0272,2026,2812,2021,2815,2024,0,D,Sottosezione Prealpina,46.17763,12.97854,OSM municipio way/36660042,46.173522,12.98242,546,Q53327,Ragogna,Ragogna,Ruvigne,"ISTAT SITUAS rep.61/73/74/75 al 07/10/2026; ISTAT Altimetria comuni 31/12/2021 (DEM); ISTAT confini generalizzati 01/01/2026; Wikidata (coord, nomi)"
030088,Ravascletto,Ravascletto,,Udine,030,UD,1,montagna interna,0,0,0,3,964,673,2145,1306,26.4796,2026,494,2021,505,2024,1,E,Sottosezione Dolomitico-Carnica,46.525528,12.922188,OSM municipio way/36660146,46.522936,12.922115,288,Q53328,Ravascietto,Ravascletto,Ravasclêt,"ISTAT SITUAS rep.61/73/74/75 al 07/10/2026; ISTAT Altimetria comuni 31/12/2021 (DEM); ISTAT confini generalizzati 01/01/2026; Wikidata (coord, nomi)"
030089,Raveo,Raveo,,Udine,030,UD,1,montagna interna,0,0,0,3,518,374,2038,787,12.5974,2026,444,2021,443,2024,1,E,Sottosezione Dolomitico-Carnica,46.434514,12.870178,OSM municipio way/35991322,46.434428,12.871113,72,Q53330,,Raveo,Raviei,"ISTAT SITUAS rep.61/73/74/75 al 07/10/2026; ISTAT Altimetria comuni 31/12/2021 (DEM); ISTAT confini generalizzati 01/01/2026; Wikidata (coord, nomi)"
030090,Reana del Rojale,Reana del Rojale,,Udine,030,UD,5,pianura,0,0,0,2,164,130,255,161,20.332,2026,4737,2021,4692,2024,0,C,Sottosezione Pianura Centrale,46.149594,13.243026,OSM municipio way/36660063,46.15,13.233333,748,Q53332,Reana del Rojale,Reana del Rojale,Reane dal Roiâl,"ISTAT SITUAS rep.61/73/74/75 al 07/10/2026; ISTAT Altimetria comuni 31/12/2021 (DEM); ISTAT confini generalizzati 01/01/2026; Wikidata (coord, nomi)"
030091,Remanzacco,Remanzacco,,Udine,030,UD,5,pianura,0,0,0,3,111,80,129,106,30.9873,2026,6064,2021,5955,2024,0,C,Sottosezione Pianura Centrale,46.085242,13.324473,OSM municipio way/36660078,46.083333,13.316667,638,Q53334,Remanzacco,Remanzacco,Remanzâs,"ISTAT SITUAS rep.61/73/74/75 al 07/10/2026; ISTAT Altimetria comuni 31/12/2021 (DEM); ISTAT confini generalizzati 01/01/2026; Wikidata (coord, nomi)"
030092,Resia,Resia,,Udine,030,UD,1,montagna interna,0,0,0,3,482,341,2535,999,119.3121,2026,933,2021,919,2024,1,E,Sottosezione Prealpina,46.373289,13.305097,OSM municipio way/36660172,46.373884,13.304364,87,Q53335,Rezija,Résiatal,Resie,"ISTAT SITUAS rep.61/73/74/75 al 07/10/2026; ISTAT Altimetria comuni 31/12/2021 (DEM); ISTAT confini generalizzati 01/01/2026; Wikidata (coord, nomi)"
030093,Resiutta,Resiutta,,Udine,030,UD,1,montagna interna,0,0,0,3,319,298,1909,697,20.3611,2026,259,2021,269,2024,1,E,Sottosezione Prealpina,46.392967,13.220315,OSM municipio way/36660171,46.373718,13.231267,2299,Q53337,Na Bili,Resiutta,Resiute,"ISTAT SITUAS rep.61/73/74/75 al 07/10/2026; ISTAT Altimetria comuni 31/12/2021 (DEM); ISTAT confini generalizzati 01/01/2026; Wikidata (coord, nomi)"
030094,Rigolato,Rigolato,,Udine,030,UD,1,montagna interna,0,0,0,3,757,592,2276,1207,30.7702,2026,369,2021,367,2024,1,E,Sottosezione Dolomitico-Carnica,46.54985,12.853669,OSM municipio way/36660141,46.552831,12.85211,352,Q53339,Rigolato,Rigolato,Rigulât,"ISTAT SITUAS rep.61/73/74/75 al 07/10/2026; ISTAT Altimetria comuni 31/12/2021 (DEM); ISTAT confini generalizzati 01/01/2026; Wikidata (coord, nomi)"
030095,Rive d'Arcano,Rive d'Arcano,,Udine,030,UD,3,collina interna,0,0,0,3,167,120,238,151,22.5657,2026,2358,2021,2388,2024,0,C,Sottosezione Pianura Centrale,46.12621,13.030962,OSM municipio way/36660067,46.133333,13.033333,813,Q53341,,Rive d’Arcano,Rivis d'Arcjan,"ISTAT SITUAS rep.61/73/74/75 al 07/10/2026; ISTAT Altimetria comuni 31/12/2021 (DEM); ISTAT confini generalizzati 01/01/2026; Wikidata (coord, nomi)"
030097,Ronchis,Ronchis,,Udine,030,UD,5,pianura,0,0,0,3,10,1,25,8,18.3966,2026,1942,2021,1951,2024,0,C,Sottosezione Pianura Centrale,45.805793,12.996037,OSM municipio way/36659984,45.823637,13.006,2129,Q53346,Ronchis,Ronchis,Roncjis di Tisane,"ISTAT SITUAS rep.61/73/74/75 al 07/10/2026; ISTAT Altimetria comuni 31/12/2021 (DEM); ISTAT confini generalizzati 01/01/2026; Wikidata (coord, nomi)"
030098,Ruda,Ruda,,Udine,030,UD,5,pianura,0,0,0,3,12,0,22,9,19.4634,2026,2790,2021,2799,2024,0,C,Sottosezione Pianura Centrale,45.837573,13.401455,OSM municipio node/9813792207,45.833333,13.4,485,Q53348,Ruda,Ruda,Rude,"ISTAT SITUAS rep.61/73/74/75 al 07/10/2026; ISTAT Altimetria comuni 31/12/2021 (DEM); ISTAT confini generalizzati 01/01/2026; Wikidata (coord, nomi)"
030099,San Daniele del Friuli,San Daniele del Friuli,,Udine,030,UD,3,collina interna,0,0,0,2,248,111,269,169,34.7795,2026,7914,2021,7935,2024,0,D,Sottosezione Prealpina,46.161062,13.011271,OSM municipio way/670044680,46.15,13.016667,1298,Q53354,San Daniele del Friuli,San Daniele del Friuli,San Denêl,"ISTAT SITUAS rep.61/73/74/75 al 07/10/2026; ISTAT Altimetria comuni 31/12/2021 (DEM); ISTAT confini generalizzati 01/01/2026; Wikidata (coord, nomi)"
030100,San Giorgio di Nogaro,San Giorgio di Nogaro,,Udine,030,UD,5,pianura,0,0,1,2,9,-5,26,4,25.9372,2026,7280,2021,7314,2024,0,C,Sottosezione Pianura Centrale,45.833006,13.207232,OSM municipio way/36660002,45.833333,13.2,561,Q53355,Sveti Jurij,San Giorgio di Nogaro,San Zorç di Noiâr,"ISTAT SITUAS rep.61/73/74/75 al 07/10/2026; ISTAT Altimetria comuni 31/12/2021 (DEM); ISTAT confini generalizzati 01/01/2026; Wikidata (coord, nomi)"
030101,San Giovanni al Natisone,San Giovanni al Natisone,,Udine,030,UD,5,pianura,0,0,0,2,67,33,122,54,24.0602,2026,6052,2021,6012,2024,0,C,Sottosezione Pianura Centrale,45.980799,13.404477,OSM municipio way/36660005,45.983333,13.4,446,Q53356,Sveti Janez na Rinži,San Giovanni al Natisone,San Zuan dal Nadison,"ISTAT SITUAS rep.61/73/74/75 al 07/10/2026; ISTAT Altimetria comuni 31/12/2021 (DEM); ISTAT confini generalizzati 01/01/2026; Wikidata (coord, nomi)"
030102,San Leonardo,San Leonardo,,Udine,030,UD,1,montagna interna,0,0,0,3,159,139,712,367,26.9138,2026,1045,2021,1025,2024,1,D,Sottosezione Prealpina,46.12127,13.523753,OSM municipio way/36660091,46.118611,13.531389,659,Q53357,Podutana,San Leonardo,San Lenart,"ISTAT SITUAS rep.61/73/74/75 al 07/10/2026; ISTAT Altimetria comuni 31/12/2021 (DEM); ISTAT confini generalizzati 01/01/2026; Wikidata (coord, nomi)"
030103,San Pietro al Natisone,San Pietro al Natisone,,Udine,030,UD,3,collina interna,0,0,0,3,172,132,866,268,23.9787,2026,2086,2021,2058,2024,1,D,Sottosezione Prealpina,46.12647,13.48537,OSM municipio way/36660087,46.13,13.487222,418,Q53358,Špeter Slovenov,San Pietro al Natisone,San Pieri dai Sclavons,"ISTAT SITUAS rep.61/73/74/75 al 07/10/2026; ISTAT Altimetria comuni 31/12/2021 (DEM); ISTAT confini generalizzati 01/01/2026; Wikidata (coord, nomi)"
030104,Santa Maria la Longa,Santa Maria la Longa,,Udine,030,UD,5,pianura,0,0,0,3,40,20,67,40,19.6031,2026,2313,2021,2296,2024,0,C,Sottosezione Pianura Centrale,45.933304,13.288379,OSM municipio way/36659992,45.933611,13.29,130,Q53361,Santa Maria la Longa,Santa Maria la Longa,Sante Marie la Lungje,"ISTAT SITUAS rep.61/73/74/75 al 07/10/2026; ISTAT Altimetria comuni 31/12/2021 (DEM); ISTAT confini generalizzati 01/01/2026; Wikidata (coord, nomi)"
030105,San Vito al Torre,San Vito al Torre,,Udine,030,UD,5,pianura,0,0,0,3,24,13,38,25,11.9224,2026,1202,2021,1222,2024,0,C,Sottosezione Pianura Centrale,45.895761,13.369993,OSM municipio way/36660022,45.9,13.366667,537,Q53359,San Vito al Torre,San Vito al Torre,San Vît de Tor,"ISTAT SITUAS rep.61/73/74/75 al 07/10/2026; ISTAT Altimetria comuni 31/12/2021 (DEM); ISTAT confini generalizzati 01/01/2026; Wikidata (coord, nomi)"
030106,San Vito di Fagagna,San Vito di Fagagna,,Udine,030,UD,5,pianura,0,0,0,3,132,104,149,126,8.5704,2026,1679,2021,1681,2024,0,C,Sottosezione Pianura Centrale,46.089044,13.057607,OSM municipio way/36660072,46.083333,13.066667,944,Q53360,,San Vito di Fagagna,San Vît di Feagne,"ISTAT SITUAS rep.61/73/74/75 al 07/10/2026; ISTAT Altimetria comuni 31/12/2021 (DEM); ISTAT confini generalizzati 01/01/2026; Wikidata (coord, nomi)"
030107,Sauris,Sauris,,Udine,030,UD,1,montagna interna,0,0,0,3,1209,735,2467,1471,41.4911,2026,390,2021,390,2024,1,F,Sottosezione Dolomitico-Carnica,46.466628,12.708183,OSM municipio way/35951571,46.465366,12.708717,146,Q53363,Sauris,Sauris,Sauris,"ISTAT SITUAS rep.61/73/74/75 al 07/10/2026; ISTAT Altimetria comuni 31/12/2021 (DEM); ISTAT confini generalizzati 01/01/2026; Wikidata (coord, nomi)"
030108,Savogna,Savogna,,Udine,030,UD,1,montagna interna,0,0,0,3,220,198,1634,714,22.1649,2026,351,2021,353,2024,1,D,Sottosezione Prealpina,46.159418,13.53338,OSM municipio node/8467978480,46.159444,13.533333,5,Q53364,Sovodnja,Savogna,Savogne di Udin,"ISTAT SITUAS rep.61/73/74/75 al 07/10/2026; ISTAT Altimetria comuni 31/12/2021 (DEM); ISTAT confini generalizzati 01/01/2026; Wikidata (coord, nomi)"
030109,Sedegliano,Sedegliano,,Udine,030,UD,5,pianura,0,0,0,3,74,51,100,72,50.4216,2026,3704,2021,3693,2024,0,C,Sottosezione Pianura Centrale,46.015391,12.985378,OSM municipio way/36660057,46.013889,12.974722,840,Q53365,Sedegliano,Sedegliano,Sedean,"ISTAT SITUAS rep.61/73/74/75 al 07/10/2026; ISTAT Altimetria comuni 31/12/2021 (DEM); ISTAT confini generalizzati 01/01/2026; Wikidata (coord, nomi)"
030110,Socchieve,Socchieve,,Udine,030,UD,1,montagna interna,0,0,0,3,480,389,2029,931,66.1146,2026,860,2021,848,2024,1,E,Sottosezione Prealpina,46.40362,12.823243,OSM municipio way/35987947,46.396631,12.848019,2053,Q53366,Socchieve,Socchieve,Soclêf,"ISTAT SITUAS rep.61/73/74/75 al 07/10/2026; ISTAT Altimetria comuni 31/12/2021 (DEM); ISTAT confini generalizzati 01/01/2026; Wikidata (coord, nomi)"
030111,Stregna,Stregna,,Udine,030,UD,1,montagna interna,0,0,0,3,405,201,907,515,19.6913,2026,304,2021,284,2024,1,E,Sottosezione Prealpina,46.127077,13.577669,OSM municipio way/36660090,46.126944,13.577222,37,Q53367,Srednje,Stregna,Stregne,"ISTAT SITUAS rep.61/73/74/75 al 07/10/2026; ISTAT Altimetria comuni 31/12/2021 (DEM); ISTAT confini generalizzati 01/01/2026; Wikidata (coord, nomi)"
030112,Sutrio,Sutrio,,Udine,030,UD,1,montagna interna,0,0,0,3,560,480,1962,1150,20.7456,2026,1239,2021,1197,2024,1,E,Sottosezione Dolomitico-Carnica,46.512281,12.990042,OSM municipio way/36660145,46.512002,12.990757,63,Q53368,,Sutrio,Sudri,"ISTAT SITUAS rep.61/73/74/75 al 07/10/2026; ISTAT Altimetria comuni 31/12/2021 (DEM); ISTAT confini generalizzati 01/01/2026; Wikidata (coord, nomi)"
030113,Taipana,Taipana,,Udine,030,UD,1,montagna interna,0,0,0,3,485,321,1623,734,65.4413,2026,565,2021,547,2024,1,E,Sottosezione Prealpina,46.249693,13.34234,OSM municipio way/36051917,46.25,13.333333,693,Q53374,Tipana,Taipana,Taipane,"ISTAT SITUAS rep.61/73/74/75 al 07/10/2026; ISTAT Altimetria comuni 31/12/2021 (DEM); ISTAT confini generalizzati 01/01/2026; Wikidata (coord, nomi)"
030114,Talmassons,Talmassons,,Udine,030,UD,5,pianura,0,0,0,3,32,9,40,23,43.0497,2026,3878,2021,3810,2024,0,C,Sottosezione Pianura Centrale,45.930223,13.115211,OSM municipio way/36659988,45.933333,13.116667,364,Q53375,Talmassons,Talmassons,Talmassons,"ISTAT SITUAS rep.61/73/74/75 al 07/10/2026; ISTAT Altimetria comuni 31/12/2021 (DEM); ISTAT confini generalizzati 01/01/2026; Wikidata (coord, nomi)"
030116,Tarcento,Tarcento,,Udine,030,UD,3,collina interna,0,0,0,2,231,186,874,306,35.4196,2026,8835,2021,8850,2024,1,D,Sottosezione Prealpina,46.216515,13.222347,OSM municipio way/36660185,46.216667,13.216667,437,Q53376,Čenta,Tarcento,Tarcint,"ISTAT SITUAS rep.61/73/74/75 al 07/10/2026; ISTAT Altimetria comuni 31/12/2021 (DEM); ISTAT confini generalizzati 01/01/2026; Wikidata (coord, nomi)"
030117,Tarvisio,Tarvisio,,Udine,030,UD,1,montagna interna,0,0,0,3,760,618,2646,1172,208.354,2026,3997,2021,3903,2024,1,E,Sottosezione Dolomitico-Carnica,46.505124,13.577729,OSM municipio way/36019750,46.505262,13.578373,52,Q18801,Trbiž,Tarvis,Tarvis,"ISTAT SITUAS rep.61/73/74/75 al 07/10/2026; ISTAT Altimetria comuni 31/12/2021 (DEM); ISTAT confini generalizzati 01/01/2026; Wikidata (coord, nomi)"
030118,Tavagnacco,Tavagnacco,,Udine,030,UD,5,pianura,0,0,0,2,134,115,177,134,15.3442,2026,14730,2021,14629,2024,0,C,Sottosezione Pianura Centrale,46.101326,13.215429,OSM municipio way/36660069,46.133333,13.216667,3560,Q53378,Tavagnaco,Tavagnacco,Tavagnà,"ISTAT SITUAS rep.61/73/74/75 al 07/10/2026; ISTAT Altimetria comuni 31/12/2021 (DEM); ISTAT confini generalizzati 01/01/2026; Wikidata (coord, nomi)"
030120,Terzo d'Aquileia,Terzo d'Aquileia,,Udine,030,UD,5,pianura,0,0,1,3,5,-9,10,-2,28.3598,2026,2729,2021,2686,2024,0,C,Sottosezione Pianura Centrale,45.800278,13.346432,OSM municipio way/36660032,45.8,13.333333,1016,Q53380,Terzo d'Aquileia,Terzo di Aquileia,Tierç,"ISTAT SITUAS rep.61/73/74/75 al 07/10/2026; ISTAT Altimetria comuni 31/12/2021 (DEM); ISTAT confini generalizzati 01/01/2026; Wikidata (coord, nomi)"
030121,Tolmezzo,Tolmezzo,,Udine,030,UD,1,montagna interna,0,0,0,2,328,279,1749,687,64.6225,2026,9891,2021,9702,2024,1,D,Sottosezione Dolomitico-Carnica,46.405891,13.015568,OSM municipio node/1551845297,46.4,13.016667,660,Q53381,Tolmeč,Tolmezzo,Tumieç,"ISTAT SITUAS rep.61/73/74/75 al 07/10/2026; ISTAT Altimetria comuni 31/12/2021 (DEM); ISTAT confini generalizzati 01/01/2026; Wikidata (coord, nomi)"
030122,Torreano,Torreano,,Udine,030,UD,3,collina interna,0,0,0,3,184,112,1158,405,34.9904,2026,2068,2021,2015,2024,1,D,Sottosezione Prealpina,46.130012,13.432293,OSM municipio way/36660088,46.133333,13.433333,378,Q53382,Tavorjana,Torreano,Torean,"ISTAT SITUAS rep.61/73/74/75 al 07/10/2026; ISTAT Altimetria comuni 31/12/2021 (DEM); ISTAT confini generalizzati 01/01/2026; Wikidata (coord, nomi)"
030123,Torviscosa,Torviscosa,,Udine,030,UD,5,pianura,0,0,1,3,5,-8,21,2,48.622,2026,2648,2021,2571,2024,0,D,Sottosezione Pianura Centrale,45.823273,13.274105,OSM municipio way/36660004,45.816667,13.283333,1025,Q53383,Torviscosa,Torviscosa,Tor di Zuin,"ISTAT SITUAS rep.61/73/74/75 al 07/10/2026; ISTAT Altimetria comuni 31/12/2021 (DEM); ISTAT confini generalizzati 01/01/2026; Wikidata (coord, nomi)"
030124,Trasaghis,Trasaghis,,Udine,030,UD,1,montagna interna,0,0,0,3,198,157,1577,603,77.8493,2026,2099,2021,2091,2024,1,D,Sottosezione Prealpina,46.282614,13.075559,OSM municipio way/36660175,46.283333,13.083333,603,Q53384,Trasaghis,Trasaghis,Trasaghis,"ISTAT SITUAS rep.61/73/74/75 al 07/10/2026; ISTAT Altimetria comuni 31/12/2021 (DEM); ISTAT confini generalizzati 01/01/2026; Wikidata (coord, nomi)"
030126,Treppo Grande,Treppo Grande,,Udine,030,UD,3,collina interna,0,0,0,3,234,148,246,192,11.3221,2026,1699,2021,1717,2024,0,C,Sottosezione Prealpina,46.190659,13.1571,OSM municipio way/36660060,46.2,13.15,1174,Q53386,,Treppo Grande,Trep Grant,"ISTAT SITUAS rep.61/73/74/75 al 07/10/2026; ISTAT Altimetria comuni 31/12/2021 (DEM); ISTAT confini generalizzati 01/01/2026; Wikidata (coord, nomi)"
030127,Tricesimo,Tricesimo,,Udine,030,UD,3,collina interna,0,0,0,2,199,133,238,192,17.683,2026,7596,2021,7573,2024,0,C,Sottosezione Prealpina,46.161887,13.211838,OSM municipio way/36660064,46.1605,13.2128,171,Q53387,Taržizem,Tricesimo,Tresesin,"ISTAT SITUAS rep.61/73/74/75 al 07/10/2026; ISTAT Altimetria comuni 31/12/2021 (DEM); ISTAT confini generalizzati 01/01/2026; Wikidata (coord, nomi)"
030128,Trivignano Udinese,Trivignano Udinese,,Udine,030,UD,5,pianura,0,0,0,3,45,25,58,41,18.46,2026,1564,2021,1520,2024,0,C,Sottosezione Pianura Centrale,45.946056,13.340332,OSM municipio way/36660010,45.95,13.333333,696,Q53388,Trivignano Udinese,Trivignano Udinese,Trivignan,"ISTAT SITUAS rep.61/73/74/75 al 07/10/2026; ISTAT Altimetria comuni 31/12/2021 (DEM); ISTAT confini generalizzati 01/01/2026; Wikidata (coord, nomi)"
030129,Udine,Udine,,Udine,030,UD,5,pianura,0,0,0,1,121,72,142,111,57.1924,2026,97736,2021,98279,2024,0,A,Sottosezione Pianura Centrale,46.062888,13.235295,OSM municipio way/98820975,46.066667,13.233333,447,Q2790,Videm,Udine,Udin,"ISTAT SITUAS rep.61/73/74/75 al 07/10/2026; ISTAT Altimetria comuni 31/12/2021 (DEM); ISTAT confini generalizzati 01/01/2026; Wikidata (coord, nomi)"
030130,Varmo,Varmo,,Udine,030,UD,5,pianura,0,0,0,3,20,0,33,17,34.9185,2026,2642,2021,2618,2024,0,C,Sottosezione Pianura Centrale,45.886923,12.988075,OSM municipio way/36284510,45.883333,12.983333,542,Q53389,Varmo,Varmo,Vildivar,"ISTAT SITUAS rep.61/73/74/75 al 07/10/2026; ISTAT Altimetria comuni 31/12/2021 (DEM); ISTAT confini generalizzati 01/01/2026; Wikidata (coord, nomi)"
030131,Venzone,Venzone,,Udine,030,UD,1,montagna interna,0,0,0,3,240,213,1908,702,54.5509,2026,1953,2021,1935,2024,1,D,Sottosezione Prealpina,46.333643,13.139082,OSM municipio way/36660173,46.33031,13.13825,376,Q53391,Pušja vas,Venzone,Vençon,"ISTAT SITUAS rep.61/73/74/75 al 07/10/2026; ISTAT Altimetria comuni 31/12/2021 (DEM); ISTAT confini generalizzati 01/01/2026; Wikidata (coord, nomi)"
030132,Verzegnis,Verzegnis,,Udine,030,UD,1,montagna interna,0,0,0,3,408,290,1888,804,39.3306,2026,838,2021,835,2024,1,E,Sottosezione Prealpina,46.389844,12.993745,OSM municipio way/36660161,46.385147,12.987202,724,Q53392,Verzegnis,Verzegnis,Verzegnis,"ISTAT SITUAS rep.61/73/74/75 al 07/10/2026; ISTAT Altimetria comuni 31/12/2021 (DEM); ISTAT confini generalizzati 01/01/2026; Wikidata (coord, nomi)"
030133,Villa Santina,Villa Santina,,Udine,030,UD,1,montagna interna,0,0,0,3,361,322,1510,379,12.9946,2026,2170,2021,2148,2024,1,E,Sottosezione Dolomitico-Carnica,46.415487,12.92394,OSM municipio node/10300287541,46.414096,12.920748,290,Q53395,Villa Santina,Villa Santina,Vile di Cjargne,"ISTAT SITUAS rep.61/73/74/75 al 07/10/2026; ISTAT Altimetria comuni 31/12/2021 (DEM); ISTAT confini generalizzati 01/01/2026; Wikidata (coord, nomi)"
030135,Visco,Visco,,Udine,030,UD,5,pianura,0,0,0,3,24,16,33,23,3.5391,2026,816,2021,836,2024,0,C,Sottosezione Pianura Centrale,45.892082,13.347469,OSM municipio way/36660023,45.9,13.35,902,Q53399,Visco,Visco,Visc,"ISTAT SITUAS rep.61/73/74/75 al 07/10/2026; ISTAT Altimetria comuni 31/12/2021 (DEM); ISTAT confini generalizzati 01/01/2026; Wikidata (coord, nomi)"
030136,Zuglio,Zuglio,,Udine,030,UD,1,montagna interna,0,0,0,3,411,383,1744,1044,18.2113,2026,552,2021,538,2024,1,E,Sottosezione Dolomitico-Carnica,46.460816,13.026158,OSM municipio way/36660154,46.461796,13.02604,109,Q53402,,Zuglio,Zui,"ISTAT SITUAS rep.61/73/74/75 al 07/10/2026; ISTAT Altimetria comuni 31/12/2021 (DEM); ISTAT confini generalizzati 01/01/2026; Wikidata (coord, nomi)"
030137,Forgaria nel Friuli,Forgaria nel Friuli,,Udine,030,UD,1,montagna interna,0,0,0,3,269,132,969,308,28.939,2026,1708,2021,1679,2024,1,D,Sottosezione Prealpina,46.22412,12.968501,OSM municipio way/36660168,46.216667,12.966667,841,Q53261,,Forgaria nel Friuli,Forgjarie,"ISTAT SITUAS rep.61/73/74/75 al 07/10/2026; ISTAT Altimetria comuni 31/12/2021 (DEM); ISTAT confini generalizzati 01/01/2026; Wikidata (coord, nomi)"
030138,Campolongo Tapogliano,Campolongo Tapogliano,,Udine,030,UD,5,pianura,0,0,0,3,17,7,29,16,11.0193,2026,1132,2021,1115,2024,0,C,Sottosezione Pianura Centrale,45.864112,13.394133,OSM municipio way/36660021,45.866667,13.383333,883,Q53234,Campologno Tapogliano,Campolongo Tapogliano,Cjamplunc Tapoian,"ISTAT SITUAS rep.61/73/74/75 al 07/10/2026; ISTAT Altimetria comuni 31/12/2021 (DEM); ISTAT confini generalizzati 01/01/2026; Wikidata (coord, nomi)"
030188,Rivignano Teor,Rivignano Teor,,Udine,030,UD,5,pianura,0,0,0,3,19,-1,29,12,47.7536,2026,6185,2021,6273,2024,0,C,Sottosezione Pianura Centrale,45.874273,13.041142,OSM municipio way/36659993,45.8797,13.0425,613,Q15501657,Rivignano Teor,Rivignano Teor,Rivignan Teôr,"ISTAT SITUAS rep.61/73/74/75 al 07/10/2026; ISTAT Altimetria comuni 31/12/2021 (DEM); ISTAT confini generalizzati 01/01/2026; Wikidata (coord, nomi)"
030189,Sappada,Sappada,,Udine,030,UD,1,montagna interna,0,0,0,3,1242,1083,2646,1675,62.0629,2026,1308,2021,1320,2024,1,F,Sottosezione Dolomitico-Carnica,46.566001,12.683955,OSM municipio way/196605140,46.565539,12.680258,287,Q40216,Sappada,Sappada,Sapade,"ISTAT SITUAS rep.61/73/74/75 al 07/10/2026; ISTAT Altimetria comuni 31/12/2021 (DEM); ISTAT confini generalizzati 01/01/2026; Wikidata (coord, nomi)"
030190,Fiumicello Villa Vicentina,Fiumicello Villa Vicentina,,Udine,030,UD,5,pianura,0,0,1,2,8,-5,18,4,28.7991,2026,6299,2021,6263,2024,0,C,Sottosezione Pianura Centrale,45.790608,13.409463,OSM municipio way/36659860,45.783333,13.416667,983,Q47090524,Fiumicello Villa Vincentina,Fiumicello Villa Vicentina,Flumisel Vile Visintine,"ISTAT SITUAS rep.61/73/74/75 al 07/10/2026; ISTAT Altimetria comuni 31/12/2021 (DEM); ISTAT confini generalizzati 01/01/2026; Wikidata (coord, nomi)"
030191,Treppo Ligosullo,Treppo Ligosullo,,Udine,030,UD,1,montagna interna,0,0,0,3,914,616,2030,1308,35.5839,2026,682,2021,661,2024,1,E,Sottosezione Dolomitico-Carnica,46.533954,13.043084,OSM municipio way/36660148,46.533232,13.042915,81,Q47090535,,Treppo Ligosullo,Trep Liussûl,"ISTAT SITUAS rep.61/73/74/75 al 07/10/2026; ISTAT Altimetria comuni 31/12/2021 (DEM); ISTAT confini generalizzati 01/01/2026; Wikidata (coord, nomi)"
031001,Capriva del Friuli,Capriva del Friuli,,Gorizia,031,GO,5,pianura,0,0,0,3,50,39,131,51,6.3201,2026,1617,2021,1593,2024,1,C,Sottosezione Prealpina,45.941736,13.514124,OSM municipio way/36660017,45.947549,13.511374,680,Q53123,Koprivno,Capriva del Friuli,Caprive,"ISTAT SITUAS rep.61/73/74/75 al 07/10/2026; ISTAT Altimetria comuni 31/12/2021 (DEM); ISTAT confini generalizzati 01/01/2026; Wikidata (coord, nomi)"
031002,Cormons,Cormons,,Gorizia,031,GO,5,pianura,0,0,0,2,64,27,260,53,35.0849,2026,7198,2021,7047,2024,1,C,Sottosezione Pianura Centrale,45.960441,13.473596,OSM municipio relation/3091714,45.95,13.466667,1279,Q53124,Krmin,Cormòns,Cormons,"ISTAT SITUAS rep.61/73/74/75 al 07/10/2026; ISTAT Altimetria comuni 31/12/2021 (DEM); ISTAT confini generalizzati 01/01/2026; Wikidata (coord, nomi)"
031003,Doberdò del Lago,Doberdò del Lago-Doberdob,Doberdob,Gorizia,031,GO,5,pianura,0,0,1,3,94,-1,231,99,27.0519,2026,1350,2021,1317,2024,1,C,Porzione Italiana della Provincia Illirica,45.844407,13.539869,OSM municipio way/36660037,45.85,13.533333,802,Q53125,Doberdob,Doberdò del Lago,Dobardò,"ISTAT SITUAS rep.61/73/74/75 al 07/10/2026; ISTAT Altimetria comuni 31/12/2021 (DEM); ISTAT confini generalizzati 01/01/2026; Wikidata (coord, nomi)"
031004,Dolegna del Collio,Dolegna del Collio,,Gorizia,031,GO,5,pianura,0,0,0,3,89,60,327,112,12.8765,2026,317,2021,289,2024,1,D,Sottosezione Prealpina,46.031663,13.479284,OSM municipio way/36660095,46.033333,13.483333,364,Q53126,Dolenje v Brdih,Dolegna del Collio,Dolegne dal Cuei,"ISTAT SITUAS rep.61/73/74/75 al 07/10/2026; ISTAT Altimetria comuni 31/12/2021 (DEM); ISTAT confini generalizzati 01/01/2026; Wikidata (coord, nomi)"
031005,Farra d'Isonzo,Farra d'Isonzo,,Gorizia,031,GO,5,pianura,0,0,0,2,45,25,113,42,10.251,2026,1671,2021,1655,2024,0,C,Sottosezione Pianura Centrale,45.907389,13.518017,OSM municipio way/36660016,45.9,13.516667,828,Q53127,Fara ob Soči,Farra d’Isonzo,Fare,"ISTAT SITUAS rep.61/73/74/75 al 07/10/2026; ISTAT Altimetria comuni 31/12/2021 (DEM); ISTAT confini generalizzati 01/01/2026; Wikidata (coord, nomi)"
031006,Fogliano Redipuglia,Fogliano Redipuglia,,Gorizia,031,GO,5,pianura,0,0,1,2,25,8,141,26,7.9241,2026,2992,2021,2979,2024,1,C,Sottosezione Pianura Centrale,45.866489,13.481002,OSM municipio way/36660025,45.866667,13.483333,182,Q53128,Sredipolje,Fogliano Redipuglia,Foian,"ISTAT SITUAS rep.61/73/74/75 al 07/10/2026; ISTAT Altimetria comuni 31/12/2021 (DEM); ISTAT confini generalizzati 01/01/2026; Wikidata (coord, nomi)"
031007,Gorizia,Gorizia,,Gorizia,031,GO,3,collina interna,0,0,0,2,86,27,596,74,41.2683,2026,33615,2021,33620,2024,1,A,Sottosezione Pianura Centrale,45.9352,13.6193,wikidata P625 Q6596,45.9352,13.6193,0,Q6596,Gorica,Gorizia,Gurize,"ISTAT SITUAS rep.61/73/74/75 al 07/10/2026; ISTAT Altimetria comuni 31/12/2021 (DEM); ISTAT confini generalizzati 01/01/2026; Wikidata (coord, nomi)"
031008,Gradisca d'Isonzo,Gradisca d'Isonzo,,Gorizia,031,GO,5,pianura,0,0,0,2,35,16,44,30,11.22,2026,6370,2021,6413,2024,0,C,Sottosezione Pianura Centrale,45.889092,13.50388,OSM municipio way/36660028,45.883333,13.5,707,Q53129,Gradišče ob Soči,Gradisca d’Isonzo,Gardiscje,"ISTAT SITUAS rep.61/73/74/75 al 07/10/2026; ISTAT Altimetria comuni 31/12/2021 (DEM); ISTAT confini generalizzati 01/01/2026; Wikidata (coord, nomi)"
031009,Grado,Grado,,Gorizia,031,GO,5,pianura,1,0,1,2,13,-107,26,0,119.2022,2026,7789,2021,7532,2024,0,C,Sottosezione Lagunare,45.67521,13.386509,OSM municipio way/36659863,45.683333,13.4,1384,Q53130,Gradež,Grado,Grau,"ISTAT SITUAS rep.61/73/74/75 al 07/10/2026; ISTAT Altimetria comuni 31/12/2021 (DEM); ISTAT confini generalizzati 01/01/2026; Wikidata (coord, nomi)"
031010,Mariano del Friuli,Mariano del Friuli,,Gorizia,031,GO,5,pianura,0,0,0,3,35,19,43,33,8.5914,2026,1464,2021,1464,2024,0,C,Sottosezione Pianura Centrale,45.917913,13.458528,OSM municipio way/36660012,45.916667,13.466667,645,Q53131,Mariano del Friuli,Mariano del Friuli,Marian,"ISTAT SITUAS rep.61/73/74/75 al 07/10/2026; ISTAT Altimetria comuni 31/12/2021 (DEM); ISTAT confini generalizzati 01/01/2026; Wikidata (coord, nomi)"
031011,Medea,Medea,,Gorizia,031,GO,5,pianura,0,0,0,3,31,22,130,30,7.3594,2026,949,2021,946,2024,0,C,Sottosezione Pianura Centrale,45.917082,13.423527,OSM municipio way/36660013,45.916667,13.416667,533,Q53132,Medeja,Medea,Migjee,"ISTAT SITUAS rep.61/73/74/75 al 07/10/2026; ISTAT Altimetria comuni 31/12/2021 (DEM); ISTAT confini generalizzati 01/01/2026; Wikidata (coord, nomi)"
031012,Monfalcone,Monfalcone,,Gorizia,031,GO,5,pianura,1,0,1,2,12,-14,131,7,20.6567,2026,29072,2021,30360,2024,1,A,Sottosezione Pianura Centrale,45.809243,13.533109,OSM municipio way/36436235,45.8,13.533333,1028,Q53133,Tržič,Monfalcone,Monfalcon,"ISTAT SITUAS rep.61/73/74/75 al 07/10/2026; ISTAT Altimetria comuni 31/12/2021 (DEM); ISTAT confini generalizzati 01/01/2026; Wikidata (coord, nomi)"
031013,Moraro,Moraro,,Gorizia,031,GO,5,pianura,0,0,0,3,45,34,50,42,3.5654,2026,695,2021,726,2024,0,C,Sottosezione Pianura Centrale,45.930364,13.495069,OSM municipio way/36660011,45.933333,13.5,504,Q53134,Morar,Moraro,Morâr,"ISTAT SITUAS rep.61/73/74/75 al 07/10/2026; ISTAT Altimetria comuni 31/12/2021 (DEM); ISTAT confini generalizzati 01/01/2026; Wikidata (coord, nomi)"
031014,Mossa,Mossa,,Gorizia,031,GO,5,pianura,0,0,0,2,59,46,111,59,6.205,2026,1522,2021,1518,2024,1,C,Sottosezione Pianura Centrale,45.938304,13.547759,OSM municipio way/36660014,45.9379,13.5532,423,Q53135,Moš,Mossa,Mosse,"ISTAT SITUAS rep.61/73/74/75 al 07/10/2026; ISTAT Altimetria comuni 31/12/2021 (DEM); ISTAT confini generalizzati 01/01/2026; Wikidata (coord, nomi)"
031015,Romans d'Isonzo,Romans d'Isonzo,,Gorizia,031,GO,5,pianura,0,0,0,3,26,10,36,24,15.4985,2026,3636,2021,3565,2024,0,C,Sottosezione Pianura Centrale,45.890705,13.439262,OSM municipio way/36660027,45.883333,13.433333,939,Q53136,Romanž na Soči,Romans d’Isonzo,Romans dal Lusinç,"ISTAT SITUAS rep.61/73/74/75 al 07/10/2026; ISTAT Altimetria comuni 31/12/2021 (DEM); ISTAT confini generalizzati 01/01/2026; Wikidata (coord, nomi)"
031016,Ronchi dei Legionari,Ronchi dei Legionari,,Gorizia,031,GO,5,pianura,0,0,1,2,13,1,138,14,17.1085,2026,11807,2021,11862,2024,1,C,Sottosezione Pianura Centrale,45.827808,13.501845,OSM nodo place capoluogo (Nominatim),45.833333,13.5,631,Q53137,Ronke,Ronchi dei Legionari,Roncjis di Monfalcon,"ISTAT SITUAS rep.61/73/74/75 al 07/10/2026; ISTAT Altimetria comuni 31/12/2021 (DEM); ISTAT confini generalizzati 01/01/2026; Wikidata (coord, nomi)"
031017,Sagrado,Sagrado,,Gorizia,031,GO,5,pianura,0,0,1,2,28,13,272,121,13.9395,2026,2168,2021,2157,2024,1,C,Porzione Italiana della Provincia Illirica,45.876413,13.485413,OSM municipio way/36660024,45.879632,13.514439,2275,Q53138,Zagraj,Sagrado,Sagrât,"ISTAT SITUAS rep.61/73/74/75 al 07/10/2026; ISTAT Altimetria comuni 31/12/2021 (DEM); ISTAT confini generalizzati 01/01/2026; Wikidata (coord, nomi)"
031018,San Canzian d'Isonzo,San Canzian d'Isonzo,,Gorizia,031,GO,5,pianura,0,0,1,2,12,-11,28,3,33.8968,2026,6040,2021,6023,2024,0,C,Sottosezione Pianura Centrale,45.809521,13.443429,OSM municipio way/36660035,45.8,13.466667,2089,Q53140,Škocjan ob Soči,San Canzian d’Isonzo,San Canzian,"ISTAT SITUAS rep.61/73/74/75 al 07/10/2026; ISTAT Altimetria comuni 31/12/2021 (DEM); ISTAT confini generalizzati 01/01/2026; Wikidata (coord, nomi)"
031019,San Floriano del Collio,San Floriano del Collio-Števerjan,Števerjan,Gorizia,031,GO,3,collina interna,0,0,0,3,246,38,273,111,10.6308,2026,742,2021,735,2024,1,C,Sottosezione Prealpina,45.981819,13.585001,OSM municipio way/36660009,45.983333,13.583333,212,Q53141,Števerjan,San Floriano del Collio,San Florean dal Cuei,"ISTAT SITUAS rep.61/73/74/75 al 07/10/2026; ISTAT Altimetria comuni 31/12/2021 (DEM); ISTAT confini generalizzati 01/01/2026; Wikidata (coord, nomi)"
031020,San Lorenzo Isontino,San Lorenzo Isontino,,Gorizia,031,GO,5,pianura,0,0,0,3,51,38,100,52,4.4013,2026,1506,2021,1496,2024,1,C,Sottosezione Pianura Centrale,45.932893,13.5264,OSM municipio way/36660018,45.933333,13.533333,538,Q53142,Šlovrenc ob Soči,San Lorenzo Isontino,San Lurinç Lisuntin,"ISTAT SITUAS rep.61/73/74/75 al 07/10/2026; ISTAT Altimetria comuni 31/12/2021 (DEM); ISTAT confini generalizzati 01/01/2026; Wikidata (coord, nomi)"
031021,San Pier d'Isonzo,San Pier d'Isonzo,,Gorizia,031,GO,5,pianura,0,0,1,2,18,1,46,14,9.028,2026,1993,2021,1919,2024,0,C,Sottosezione Pianura Centrale,45.846374,13.460749,OSM municipio way/36660033,45.85,13.466667,610,Q53143,Špeter ob Soči,San Pier d’Isonzo,San Pieri dal Lusinç,"ISTAT SITUAS rep.61/73/74/75 al 07/10/2026; ISTAT Altimetria comuni 31/12/2021 (DEM); ISTAT confini generalizzati 01/01/2026; Wikidata (coord, nomi)"
031022,Savogna d'Isonzo,Savogna d'Isonzo-Sovodnje ob Soči,Sovodnje ob Soči,Gorizia,031,GO,3,collina interna,0,0,0,3,40,26,272,58,16.976,2026,1694,2021,1680,2024,1,C,Porzione Italiana della Provincia Illirica,45.905882,13.574864,OSM nodo place capoluogo (Nominatim),45.916667,13.583333,1367,Q53144,Sovodnje pri Gorici,Savogna d’Isonzo,Savogne di Gurize,"ISTAT SITUAS rep.61/73/74/75 al 07/10/2026; ISTAT Altimetria comuni 31/12/2021 (DEM); ISTAT confini generalizzati 01/01/2026; Wikidata (coord, nomi)"
031023,Staranzano,Staranzano,,Gorizia,031,GO,5,pianura,1,0,1,2,9,-12,16,1,18.8163,2026,7246,2021,7120,2024,0,C,Sottosezione Pianura Centrale,45.806505,13.499781,OSM municipio way/36660036,45.8,13.5,724,Q53145,Štarancan,Staranzano,Staranzan,"ISTAT SITUAS rep.61/73/74/75 al 07/10/2026; ISTAT Altimetria comuni 31/12/2021 (DEM); ISTAT confini generalizzati 01/01/2026; Wikidata (coord, nomi)"
031024,Turriaco,Turriaco,,Gorizia,031,GO,5,pianura,0,0,1,2,12,0,18,9,5.1749,2026,2806,2021,2779,2024,0,C,Sottosezione Pianura Centrale,45.820856,13.444822,OSM municipio way/36660034,45.821463,13.444422,74,Q53146,Turjak,Turriaco,Turiàc,"ISTAT SITUAS rep.61/73/74/75 al 07/10/2026; ISTAT Altimetria comuni 31/12/2021 (DEM); ISTAT confini generalizzati 01/01/2026; Wikidata (coord, nomi)"
031025,Villesse,Villesse,,Gorizia,031,GO,5,pianura,0,0,1,2,21,-11,30,16,12.0533,2026,1640,2021,1632,2024,0,C,Sottosezione Pianura Centrale,45.859748,13.438408,OSM municipio way/36660026,45.866667,13.433333,864,Q53147,Vileš,Villesse,Vilès,"ISTAT SITUAS rep.61/73/74/75 al 07/10/2026; ISTAT Altimetria comuni 31/12/2021 (DEM); ISTAT confini generalizzati 01/01/2026; Wikidata (coord, nomi)"
032001,Duino Aurisina,Duino Aurisina-Devin Nabrežina,Devin Nabrežina,Trieste,032,TS,4,collina litoranea,1,0,1,3,136,-9,343,171,45.338,2026,8353,2021,8217,2024,1,C,Porzione Italiana della Provincia Illirica,45.750434,13.670866,OSM nodo place capoluogo (Nominatim),45.770371,13.648628,2809,Q16934,Devin - Nabrežina,Duino-Aurisina,Duin-Nabresine,"ISTAT SITUAS rep.61/73/74/75 al 07/10/2026; ISTAT Altimetria comuni 31/12/2021 (DEM); ISTAT confini generalizzati 01/01/2026; Wikidata (coord, nomi)"
032002,Monrupino,Monrupino-Repentabor,Repentabor,Trieste,032,TS,4,collina litoranea,0,0,1,3,371,276,530,332,12.6096,2026,857,2021,840,2024,1,C,Porzione Italiana della Provincia Illirica,45.718913,13.800474,OSM municipio way/36659865,45.72284,13.79098,857,Q16935,Repentabor,Monrupino,Monrupin,"ISTAT SITUAS rep.61/73/74/75 al 07/10/2026; ISTAT Altimetria comuni 31/12/2021 (DEM); ISTAT confini generalizzati 01/01/2026; Wikidata (coord, nomi)"
032003,Muggia,Muggia,,Trieste,032,TS,4,collina litoranea,1,0,1,2,5,-3,241,44,13.9145,2026,12916,2021,12708,2024,0,C,Porzione Italiana della Provincia Illirica,45.604441,13.767529,OSM municipio way/36659866,45.6,13.766667,498,Q16937,Milje,Muggia,Mugle,"ISTAT SITUAS rep.61/73/74/75 al 07/10/2026; ISTAT Altimetria comuni 31/12/2021 (DEM); ISTAT confini generalizzati 01/01/2026; Wikidata (coord, nomi)"
032004,San Dorligo della Valle,San Dorligo della Valle-Dolina,Dolina,Trieste,032,TS,4,collina litoranea,0,0,1,3,66,3,666,142,24.2205,2026,5693,2021,5671,2024,1,C,Porzione Italiana della Provincia Illirica,45.607789,13.856888,OSM municipio way/36659867,45.6225,13.857778,1637,Q16938,Dolina,San Dorligo della Valle,San Dorligo della Valle,"ISTAT SITUAS rep.61/73/74/75 al 07/10/2026; ISTAT Altimetria comuni 31/12/2021 (DEM); ISTAT confini generalizzati 01/01/2026; Wikidata (coord, nomi)"
032005,Sgonico,Sgonico-Zgonik,Zgonik,Trieste,032,TS,4,collina litoranea,0,0,1,3,275,174,539,273,31.4031,2026,1999,2021,1968,2024,1,C,Porzione Italiana della Provincia Illirica,45.733333,13.75,wikidata P625 Q16939,45.733333,13.75,0,Q16939,Zgonik,Sgonico,Sgonico,"ISTAT SITUAS rep.61/73/74/75 al 07/10/2026; ISTAT Altimetria comuni 31/12/2021 (DEM); ISTAT confini generalizzati 01/01/2026; Wikidata (coord, nomi)"
032006,Trieste,Trieste,,Trieste,032,TS,4,collina litoranea,1,0,1,1,16,-10,682,255,85.0934,2026,199015,2021,198388,2024,1,A,Porzione Italiana della Provincia Illirica,45.649425,13.768411,OSM municipio way/36434209,45.650278,13.770278,173,Q546,Trst,Triest,Triest,"ISTAT SITUAS rep.61/73/74/75 al 07/10/2026; ISTAT Altimetria comuni 31/12/2021 (DEM); ISTAT confini generalizzati 01/01/2026; Wikidata (coord, nomi)"
093001,Andreis,Andreis,,Pordenone,093,PN,1,montagna interna,0,0,0,3,464,375,2005,814,26.9502,2026,246,2021,246,2024,1,D,Sottosezione Prealpina,46.2018,12.614563,OSM municipio way/36687636,46.2,12.616667,257,Q53148,Andreis,Andreis,Andreis,"ISTAT SITUAS rep.61/73/74/75 al 07/10/2026; ISTAT Altimetria comuni 31/12/2021 (DEM); ISTAT confini generalizzati 01/01/2026; Wikidata (coord, nomi)"
093002,Arba,Arba,,Pordenone,093,PN,3,collina interna,0,0,0,3,214,160,250,204,15.3112,2026,1274,2021,1334,2024,1,D,Sottosezione Pianura Centrale,46.146218,12.790431,OSM municipio way/36660045,46.15,12.783333,690,Q53149,Arba,Arba,Darbe,"ISTAT SITUAS rep.61/73/74/75 al 07/10/2026; ISTAT Altimetria comuni 31/12/2021 (DEM); ISTAT confini generalizzati 01/01/2026; Wikidata (coord, nomi)"
093004,Aviano,Aviano,,Pordenone,093,PN,3,collina interna,0,0,0,3,158,93,2198,247,113.2794,2026,8866,2021,8990,2024,1,C,Sottosezione Prealpina,46.06702,12.588168,OSM municipio way/281161106,46.066667,12.583333,375,Q53151,Aviano,Aviano,Davian,"ISTAT SITUAS rep.61/73/74/75 al 07/10/2026; ISTAT Altimetria comuni 31/12/2021 (DEM); ISTAT confini generalizzati 01/01/2026; Wikidata (coord, nomi)"
093005,Azzano Decimo,Azzano Decimo,,Pordenone,093,PN,5,pianura,0,0,0,2,15,1,32,15,51.3374,2026,15660,2021,15769,2024,0,C,Sottosezione Pianura Centrale,45.88103,12.714836,OSM municipio way/36659978,45.883333,12.716667,293,Q53152,Azzano Decimo,Azzano Decimo,Daçan di Pordenon,"ISTAT SITUAS rep.61/73/74/75 al 07/10/2026; ISTAT Altimetria comuni 31/12/2021 (DEM); ISTAT confini generalizzati 01/01/2026; Wikidata (coord, nomi)"
093006,Barcis,Barcis,,Pordenone,093,PN,1,montagna interna,0,0,0,3,421,334,2208,950,103.4106,2026,226,2021,231,2024,1,D,Sottosezione Prealpina,46.190979,12.560075,OSM municipio way/36660189,46.1917,12.5599,81,Q53153,Barcis,Barcis,Barcis,"ISTAT SITUAS rep.61/73/74/75 al 07/10/2026; ISTAT Altimetria comuni 31/12/2021 (DEM); ISTAT confini generalizzati 01/01/2026; Wikidata (coord, nomi)"
093007,Brugnera,Brugnera,,Pordenone,093,PN,5,pianura,0,0,0,2,19,5,36,18,29.1198,2026,9268,2021,9262,2024,0,C,Sottosezione Pianura Centrale,45.899184,12.536807,OSM municipio way/36235579,45.9,12.533333,284,Q53154,Brugnera,Brugnera,Brugnere,"ISTAT SITUAS rep.61/73/74/75 al 07/10/2026; ISTAT Altimetria comuni 31/12/2021 (DEM); ISTAT confini generalizzati 01/01/2026; Wikidata (coord, nomi)"
093008,Budoia,Budoia,,Pordenone,093,PN,3,collina interna,0,0,0,3,140,50,1834,582,37.3583,2026,2492,2021,2514,2024,1,C,Sottosezione Prealpina,46.042776,12.532425,OSM municipio way/36660191,46.05,12.533333,806,Q53155,Budoia,Budoia,Budoie,"ISTAT SITUAS rep.61/73/74/75 al 07/10/2026; ISTAT Altimetria comuni 31/12/2021 (DEM); ISTAT confini generalizzati 01/01/2026; Wikidata (coord, nomi)"
093009,Caneva,Caneva,,Pordenone,093,PN,3,collina interna,0,0,0,3,56,19,1383,163,41.7936,2026,6254,2021,6195,2024,1,C,Sottosezione Prealpina,45.968792,12.448944,OSM municipio way/36660096,45.966667,12.45,250,Q53156,Caneva,Caneva,Cjanive di Sacîl,"ISTAT SITUAS rep.61/73/74/75 al 07/10/2026; ISTAT Altimetria comuni 31/12/2021 (DEM); ISTAT confini generalizzati 01/01/2026; Wikidata (coord, nomi)"
093010,Casarsa della Delizia,Casarsa della Delizia,,Pordenone,093,PN,5,pianura,0,0,0,2,46,23,53,38,20.4657,2026,8240,2021,8327,2024,0,C,Sottosezione Pianura Centrale,45.95703,12.84212,OSM municipio node/4820706174,45.95,12.85,991,Q53157,Carsarsa della Delizia,Casarsa della Delizia,Cjasarse,"ISTAT SITUAS rep.61/73/74/75 al 07/10/2026; ISTAT Altimetria comuni 31/12/2021 (DEM); ISTAT confini generalizzati 01/01/2026; Wikidata (coord, nomi)"
093011,Castelnovo del Friuli,Castelnovo del Friuli,,Pordenone,093,PN,3,collina interna,0,0,0,3,238,157,1076,358,22.4811,2026,831,2021,825,2024,1,D,Sottosezione Prealpina,46.199867,12.903252,OSM municipio way/36660166,46.200198,12.903523,42,Q53158,Castelnovo del Friuli,Castelnovo del Friuli,Cjistielgnûf,"ISTAT SITUAS rep.61/73/74/75 al 07/10/2026; ISTAT Altimetria comuni 31/12/2021 (DEM); ISTAT confini generalizzati 01/01/2026; Wikidata (coord, nomi)"
093012,Cavasso Nuovo,Cavasso Nuovo,,Pordenone,093,PN,3,collina interna,0,0,0,3,278,209,532,254,10.5962,2026,1501,2021,1481,2024,1,D,Sottosezione Pianura Centrale,46.194391,12.768723,OSM municipio way/36660040,46.2,12.766667,644,Q53159,Cavasso Nuovo,Cavasso Nuovo,Cjavàs,"ISTAT SITUAS rep.61/73/74/75 al 07/10/2026; ISTAT Altimetria comuni 31/12/2021 (DEM); ISTAT confini generalizzati 01/01/2026; Wikidata (coord, nomi)"
093013,Chions,Chions,,Pordenone,093,PN,5,pianura,0,0,0,3,17,2,35,15,33.4463,2026,5100,2021,4994,2024,0,C,Sottosezione Pianura Centrale,45.862319,12.752446,OSM municipio way/36659979,45.85,12.716667,3091,Q53161,Chions,Chions,Cjons,"ISTAT SITUAS rep.61/73/74/75 al 07/10/2026; ISTAT Altimetria comuni 31/12/2021 (DEM); ISTAT confini generalizzati 01/01/2026; Wikidata (coord, nomi)"
093014,Cimolais,Cimolais,,Pordenone,093,PN,1,montagna interna,0,0,0,3,654,562,2633,1441,100.8491,2026,343,2021,339,2024,1,E,Sottosezione Dolomitico-Carnica,46.288052,12.437826,OSM municipio way/36660158,46.283333,12.433333,628,Q53162,Cimolais,Cimolais,Cimolais,"ISTAT SITUAS rep.61/73/74/75 al 07/10/2026; ISTAT Altimetria comuni 31/12/2021 (DEM); ISTAT confini generalizzati 01/01/2026; Wikidata (coord, nomi)"
093015,Claut,Claut,,Pordenone,093,PN,1,montagna interna,0,0,0,3,618,461,2449,1313,165.9013,2026,883,2021,863,2024,1,E,Sottosezione Prealpina,46.267486,12.513766,OSM municipio way/36660159,46.266667,12.516667,241,Q53163,Claut,Claut,Claut,"ISTAT SITUAS rep.61/73/74/75 al 07/10/2026; ISTAT Altimetria comuni 31/12/2021 (DEM); ISTAT confini generalizzati 01/01/2026; Wikidata (coord, nomi)"
093016,Clauzetto,Clauzetto,,Pordenone,093,PN,1,montagna interna,0,0,0,3,580,249,1368,634,28.3079,2026,372,2021,382,2024,1,E,Sottosezione Prealpina,46.230058,12.917139,OSM municipio way/36031399,46.233333,12.916667,366,Q53164,Clauzetto,Clauzetto,Clausêt,"ISTAT SITUAS rep.61/73/74/75 al 07/10/2026; ISTAT Altimetria comuni 31/12/2021 (DEM); ISTAT confini generalizzati 01/01/2026; Wikidata (coord, nomi)"
093017,Cordenons,Cordenons,,Pordenone,093,PN,5,pianura,0,0,0,2,46,15,152,62,56.3377,2026,17886,2021,17718,2024,0,C,Sottosezione Pianura Centrale,45.988382,12.707699,OSM municipio way/36660103,45.983333,12.7,818,Q53165,Cordenons,Cordenons,Cordenons,"ISTAT SITUAS rep.61/73/74/75 al 07/10/2026; ISTAT Altimetria comuni 31/12/2021 (DEM); ISTAT confini generalizzati 01/01/2026; Wikidata (coord, nomi)"
093018,Cordovado,Cordovado,,Pordenone,093,PN,5,pianura,0,0,0,3,20,7,26,14,12.0179,2026,2726,2021,2701,2024,0,C,Sottosezione Pianura Centrale,45.849887,12.882508,OSM municipio way/36659980,45.85,12.883333,65,Q53166,Cordovado,Cordovado,Cordovât,"ISTAT SITUAS rep.61/73/74/75 al 07/10/2026; ISTAT Altimetria comuni 31/12/2021 (DEM); ISTAT confini generalizzati 01/01/2026; Wikidata (coord, nomi)"
093019,Erto e Casso,Erto e Casso,,Pordenone,093,PN,1,montagna interna,0,0,0,3,814,628,2444,1300,52.4172,2026,373,2021,360,2024,1,D,Sottosezione Dolomitico-Carnica,46.275654,12.373545,OSM municipio way/36660157,46.274427,12.372088,177,Q53167,,Erto e Casso,Nert e Cjas,"ISTAT SITUAS rep.61/73/74/75 al 07/10/2026; ISTAT Altimetria comuni 31/12/2021 (DEM); ISTAT confini generalizzati 01/01/2026; Wikidata (coord, nomi)"
093020,Fanna,Fanna,,Pordenone,093,PN,3,collina interna,0,0,0,3,274,205,494,247,10.2629,2026,1480,2021,1464,2024,1,D,Sottosezione Pianura Centrale,46.1878,12.754586,OSM municipio way/36660039,46.183333,12.75,609,Q53170,Fanna,Fanna,Fane,"ISTAT SITUAS rep.61/73/74/75 al 07/10/2026; ISTAT Altimetria comuni 31/12/2021 (DEM); ISTAT confini generalizzati 01/01/2026; Wikidata (coord, nomi)"
093021,Fiume Veneto,Fiume Veneto,,Pordenone,093,PN,5,pianura,0,0,0,2,21,6,39,21,35.7653,2026,11739,2021,11801,2024,0,C,Sottosezione Pianura Centrale,45.927943,12.732176,OSM nodo place capoluogo (Nominatim),45.933333,12.733333,606,Q53171,Fiume Veneto,Fiume Veneto,Vile di Flum,"ISTAT SITUAS rep.61/73/74/75 al 07/10/2026; ISTAT Altimetria comuni 31/12/2021 (DEM); ISTAT confini generalizzati 01/01/2026; Wikidata (coord, nomi)"
093022,Fontanafredda,Fontanafredda,,Pordenone,093,PN,5,pianura,0,0,0,2,46,17,101,40,46.4017,2026,12762,2021,12893,2024,0,C,Sottosezione Pianura Centrale,45.966667,12.566667,wikidata P625 Q53172,45.966667,12.566667,0,Q53172,Fontanafredda,Fontanafredda,Fontanefrede,"ISTAT SITUAS rep.61/73/74/75 al 07/10/2026; ISTAT Altimetria comuni 31/12/2021 (DEM); ISTAT confini generalizzati 01/01/2026; Wikidata (coord, nomi)"
093024,Frisanco,Frisanco,,Pordenone,093,PN,1,montagna interna,0,0,0,3,508,250,2007,819,60.9871,2026,559,2021,588,2024,1,D,Sottosezione Prealpina,46.212743,12.723599,OSM municipio way/36660164,46.216667,12.733333,867,Q53173,Frisanco,Frisanco,Frisanc,"ISTAT SITUAS rep.61/73/74/75 al 07/10/2026; ISTAT Altimetria comuni 31/12/2021 (DEM); ISTAT confini generalizzati 01/01/2026; Wikidata (coord, nomi)"
093025,Maniago,Maniago,,Pordenone,093,PN,3,collina interna,0,0,0,2,285,169,1326,249,69.4596,2026,11555,2021,11498,2024,1,D,Sottosezione Pianura Centrale,46.170974,12.707399,OSM nodo place capoluogo (Nominatim),46.166667,12.716667,860,Q53174,Maniago,Maniago,Manià,"ISTAT SITUAS rep.61/73/74/75 al 07/10/2026; ISTAT Altimetria comuni 31/12/2021 (DEM); ISTAT confini generalizzati 01/01/2026; Wikidata (coord, nomi)"
093026,Meduno,Meduno,,Pordenone,093,PN,3,collina interna,0,0,0,3,304,210,1098,534,31.5906,2026,1504,2021,1503,2024,1,D,Sottosezione Prealpina,46.217702,12.788437,OSM municipio way/36660165,46.216667,12.8,897,Q53175,Meduno,Meduno,Midun,"ISTAT SITUAS rep.61/73/74/75 al 07/10/2026; ISTAT Altimetria comuni 31/12/2021 (DEM); ISTAT confini generalizzati 01/01/2026; Wikidata (coord, nomi)"
093027,Montereale Valcellina,Montereale Valcellina,,Pordenone,093,PN,3,collina interna,0,0,0,3,313,170,1618,279,67.8804,2026,4267,2021,4197,2024,1,C,Sottosezione Prealpina,46.166667,12.666667,wikidata P625 Q53177,46.166667,12.666667,0,Q53177,Montereale Valcellina,Montereale Valcellina,Montreâl,"ISTAT SITUAS rep.61/73/74/75 al 07/10/2026; ISTAT Altimetria comuni 31/12/2021 (DEM); ISTAT confini generalizzati 01/01/2026; Wikidata (coord, nomi)"
093028,Morsano al Tagliamento,Morsano al Tagliamento,,Pordenone,093,PN,5,pianura,0,0,0,3,19,2,32,15,32.533,2026,2680,2021,2728,2024,0,C,Sottosezione Pianura Centrale,45.858235,12.928822,OSM municipio way/36659981,45.858333,12.927778,82,Q11502,Morsano al Tagliamento,Morsano al Tagliamento,Morsan des Ocjis,"ISTAT SITUAS rep.61/73/74/75 al 07/10/2026; ISTAT Altimetria comuni 31/12/2021 (DEM); ISTAT confini generalizzati 01/01/2026; Wikidata (coord, nomi)"
093029,Pasiano di Pordenone,Pasiano di Pordenone,,Pordenone,093,PN,5,pianura,0,0,0,3,12,1,26,12,45.5945,2026,7760,2021,7854,2024,0,C,Sottosezione Pianura Centrale,45.851525,12.627643,OSM municipio way/36660100,45.86861,12.64444,2302,Q53178,Pasiano di Pordenone,Pasiano di Pordenone,Pasian di Pordenon,"ISTAT SITUAS rep.61/73/74/75 al 07/10/2026; ISTAT Altimetria comuni 31/12/2021 (DEM); ISTAT confini generalizzati 01/01/2026; Wikidata (coord, nomi)"
093030,Pinzano al Tagliamento,Pinzano al Tagliamento,,Pordenone,093,PN,3,collina interna,0,0,0,3,209,115,450,177,21.9508,2026,1498,2021,1493,2024,1,D,Sottosezione Prealpina,46.182989,12.946087,OSM municipio way/36660043,46.183056,12.945278,63,Q53180,Pinzano al Tagliamento,Pinzano al Tagliamento,Pinçan,"ISTAT SITUAS rep.61/73/74/75 al 07/10/2026; ISTAT Altimetria comuni 31/12/2021 (DEM); ISTAT confini generalizzati 01/01/2026; Wikidata (coord, nomi)"
093031,Polcenigo,Polcenigo,,Pordenone,093,PN,3,collina interna,0,0,0,3,45,21,1514,727,49.6883,2026,3123,2021,3099,2024,1,C,Sottosezione Prealpina,46.030297,12.501853,OSM municipio way/36660192,46.033333,12.5,367,Q53181,Polcenigo,Polcenigo,Polcenic,"ISTAT SITUAS rep.61/73/74/75 al 07/10/2026; ISTAT Altimetria comuni 31/12/2021 (DEM); ISTAT confini generalizzati 01/01/2026; Wikidata (coord, nomi)"
093032,Porcia,Porcia,,Pordenone,093,PN,5,pianura,0,0,0,2,36,9,71,24,29.5339,2026,14985,2021,14958,2024,0,C,Sottosezione Pianura Centrale,45.958016,12.611469,OSM municipio way/36660099,45.966667,12.616667,1043,Q53182,Porcia,Porcia,Purcie,"ISTAT SITUAS rep.61/73/74/75 al 07/10/2026; ISTAT Altimetria comuni 31/12/2021 (DEM); ISTAT confini generalizzati 01/01/2026; Wikidata (coord, nomi)"
093033,Pordenone,Pordenone,,Pordenone,093,PN,5,pianura,0,0,0,1,25,7,91,25,38.213,2026,51617,2021,52314,2024,0,A,Sottosezione Pianura Centrale,45.954241,12.659935,OSM municipio relation/2080534,45.9626,12.6563,971,Q6606,Pordenone,Pordenone,Pordenon,"ISTAT SITUAS rep.61/73/74/75 al 07/10/2026; ISTAT Altimetria comuni 31/12/2021 (DEM); ISTAT confini generalizzati 01/01/2026; Wikidata (coord, nomi)"
093034,Prata di Pordenone,Prata di Pordenone,,Pordenone,093,PN,5,pianura,0,0,0,2,21,4,25,14,22.9612,2026,8350,2021,8364,2024,0,C,Sottosezione Pianura Centrale,45.894278,12.596855,OSM municipio way/36660102,45.894444,12.588611,638,Q53187,Prata di Pordenone,Prata di Pordenone,Prate,"ISTAT SITUAS rep.61/73/74/75 al 07/10/2026; ISTAT Altimetria comuni 31/12/2021 (DEM); ISTAT confini generalizzati 01/01/2026; Wikidata (coord, nomi)"
093035,Pravisdomini,Pravisdomini,,Pordenone,093,PN,5,pianura,0,0,0,3,12,-1,18,9,16.2091,2026,3410,2021,3507,2024,0,C,Sottosezione Pianura Centrale,45.817675,12.691792,OSM municipio way/36659982,45.816667,12.683333,665,Q53188,Pravisdomini,Pravisdomini,Pravisdomini,"ISTAT SITUAS rep.61/73/74/75 al 07/10/2026; ISTAT Altimetria comuni 31/12/2021 (DEM); ISTAT confini generalizzati 01/01/2026; Wikidata (coord, nomi)"
093036,Roveredo in Piano,Roveredo in Piano,,Pordenone,093,PN,5,pianura,0,0,0,2,97,48,135,95,15.9257,2026,5860,2021,5763,2024,0,C,Sottosezione Pianura Centrale,46.009202,12.618308,OSM municipio way/36660193,46.016667,12.616667,840,Q53189,Roveredo in Piano,Roveredo in Piano,Lavorêt in plan,"ISTAT SITUAS rep.61/73/74/75 al 07/10/2026; ISTAT Altimetria comuni 31/12/2021 (DEM); ISTAT confini generalizzati 01/01/2026; Wikidata (coord, nomi)"
093037,Sacile,Sacile,,Pordenone,093,PN,5,pianura,0,0,0,2,28,8,49,26,32.7407,2026,19877,2021,19951,2024,0,C,Sottosezione Pianura Centrale,45.954346,12.502852,OSM municipio way/36660098,45.95412,12.50274,27,Q53190,Sacile,Sacile,Sacîl,"ISTAT SITUAS rep.61/73/74/75 al 07/10/2026; ISTAT Altimetria comuni 31/12/2021 (DEM); ISTAT confini generalizzati 01/01/2026; Wikidata (coord, nomi)"
093038,San Giorgio della Richinvelda,San Giorgio della Richinvelda,,Pordenone,093,PN,5,pianura,0,0,0,3,84,52,125,85,48.1525,2026,4531,2021,4503,2024,0,C,Sottosezione Pianura Centrale,46.045468,12.866649,OSM municipio way/36660054,46.05,12.866667,504,Q53191,San Giorgio della Richinvelda,San Giorgio della Richinvelda,San Zorç de Richinvelde,"ISTAT SITUAS rep.61/73/74/75 al 07/10/2026; ISTAT Altimetria comuni 31/12/2021 (DEM); ISTAT confini generalizzati 01/01/2026; Wikidata (coord, nomi)"
093039,San Martino al Tagliamento,San Martino al Tagliamento,,Pordenone,093,PN,5,pianura,0,0,0,3,71,42,91,68,17.979,2026,1453,2021,1470,2024,0,C,Sottosezione Pianura Centrale,46.020916,12.864052,OSM municipio way/36660052,46.016667,12.866667,514,Q53192,San Martino al Tagliamento,San Martino al Tagliamento,San Martin dal Tiliment,"ISTAT SITUAS rep.61/73/74/75 al 07/10/2026; ISTAT Altimetria comuni 31/12/2021 (DEM); ISTAT confini generalizzati 01/01/2026; Wikidata (coord, nomi)"
093040,San Quirino,San Quirino,,Pordenone,093,PN,5,pianura,0,0,0,3,117,56,194,120,51.7577,2026,4191,2021,4315,2024,0,C,Sottosezione Pianura Centrale,46.036527,12.680527,OSM municipio node/5426753179,46.03411,12.67846,313,Q53193,San Quirino,San Quirino,San Quarin,"ISTAT SITUAS rep.61/73/74/75 al 07/10/2026; ISTAT Altimetria comuni 31/12/2021 (DEM); ISTAT confini generalizzati 01/01/2026; Wikidata (coord, nomi)"
093041,San Vito al Tagliamento,San Vito al Tagliamento,,Pordenone,093,PN,5,pianura,0,0,0,2,35,12,53,29,60.8716,2026,15097,2021,15282,2024,0,B,Sottosezione Pianura Centrale,45.915555,12.855394,OSM municipio way/36660107,45.915278,12.855556,33,Q53194,San Vito al Tagliamento,San Vito al Tagliamento,San Vît dal Tiliment,"ISTAT SITUAS rep.61/73/74/75 al 07/10/2026; ISTAT Altimetria comuni 31/12/2021 (DEM); ISTAT confini generalizzati 01/01/2026; Wikidata (coord, nomi)"
093042,Sequals,Sequals,,Pordenone,093,PN,3,collina interna,0,0,0,3,212,156,379,189,27.7045,2026,2170,2021,2204,2024,1,D,Sottosezione Pianura Centrale,46.16585,12.826755,OSM municipio way/36660196,46.166667,12.833333,515,Q53195,Sequals,Sequals,Secuals,"ISTAT SITUAS rep.61/73/74/75 al 07/10/2026; ISTAT Altimetria comuni 31/12/2021 (DEM); ISTAT confini generalizzati 01/01/2026; Wikidata (coord, nomi)"
093043,Sesto al Reghena,Sesto al Reghena,,Pordenone,093,PN,5,pianura,0,0,0,3,15,1,33,16,40.6726,2026,6301,2021,6302,2024,0,C,Sottosezione Pianura Centrale,45.847448,12.815796,OSM municipio node/2516420711,45.85,12.816667,292,Q53196,Sesto al Reghena,Sesto al Reghena,Siest,"ISTAT SITUAS rep.61/73/74/75 al 07/10/2026; ISTAT Altimetria comuni 31/12/2021 (DEM); ISTAT confini generalizzati 01/01/2026; Wikidata (coord, nomi)"
093044,Spilimbergo,Spilimbergo,,Pordenone,093,PN,5,pianura,0,0,0,2,131,81,180,130,71.8756,2026,11826,2021,11773,2024,0,C,Sottosezione Pianura Centrale,46.112156,12.905745,OSM municipio way/36660046,46.111389,12.901667,326,Q53197,Spilimbergo,Spilimbergo,Spilimberc,"ISTAT SITUAS rep.61/73/74/75 al 07/10/2026; ISTAT Altimetria comuni 31/12/2021 (DEM); ISTAT confini generalizzati 01/01/2026; Wikidata (coord, nomi)"
093045,Tramonti di Sopra,Tramonti di Sopra,,Pordenone,093,PN,1,montagna interna,0,0,0,3,420,303,2286,1018,125.1432,2026,271,2021,268,2024,1,E,Sottosezione Prealpina,46.30975,12.789472,OSM municipio way/36660162,46.316667,12.8,1116,Q53199,Tramonti di Sopra,Tramonti di Sopra,Tramonç Disore,"ISTAT SITUAS rep.61/73/74/75 al 07/10/2026; ISTAT Altimetria comuni 31/12/2021 (DEM); ISTAT confini generalizzati 01/01/2026; Wikidata (coord, nomi)"
093046,Tramonti di Sotto,Tramonti di Sotto,,Pordenone,093,PN,1,montagna interna,0,0,0,3,371,303,1877,746,85.5471,2026,339,2021,336,2024,1,E,Sottosezione Prealpina,46.28508,12.795649,OSM municipio way/36660163,46.283333,12.8,387,Q53200,Tramonti di Sotto,Tramonti di Sotto,Tramonç Disot,"ISTAT SITUAS rep.61/73/74/75 al 07/10/2026; ISTAT Altimetria comuni 31/12/2021 (DEM); ISTAT confini generalizzati 01/01/2026; Wikidata (coord, nomi)"
093047,Travesio,Travesio,,Pordenone,093,PN,3,collina interna,0,0,0,3,214,182,1145,310,28.3791,2026,1783,2021,1818,2024,1,D,Sottosezione Prealpina,46.195936,12.870925,OSM municipio way/36660041,46.1979,12.87,230,Q53201,Travesio,Travesio,Travês,"ISTAT SITUAS rep.61/73/74/75 al 07/10/2026; ISTAT Altimetria comuni 31/12/2021 (DEM); ISTAT confini generalizzati 01/01/2026; Wikidata (coord, nomi)"
093049,Vito d'Asio,Vito d'Asio,,Pordenone,093,PN,1,montagna interna,0,0,0,3,316,153,1465,610,53.7144,2026,720,2021,701,2024,1,E,Sottosezione Prealpina,46.233294,12.958575,OSM municipio way/36660167,46.233333,12.933333,1941,Q53204,Vito d’Asio,Vito d’Asio,Vît,"ISTAT SITUAS rep.61/73/74/75 al 07/10/2026; ISTAT Altimetria comuni 31/12/2021 (DEM); ISTAT confini generalizzati 01/01/2026; Wikidata (coord, nomi)"
093050,Vivaro,Vivaro,,Pordenone,093,PN,5,pianura,0,0,0,3,139,78,200,146,37.6768,2026,1292,2021,1346,2024,1,C,Sottosezione Pianura Centrale,46.078047,12.775626,OSM municipio way/36660047,46.07656,12.77912,316,Q53205,,Vivaro,Vivâr,"ISTAT SITUAS rep.61/73/74/75 al 07/10/2026; ISTAT Altimetria comuni 31/12/2021 (DEM); ISTAT confini generalizzati 01/01/2026; Wikidata (coord, nomi)"
093051,Zoppola,Zoppola,,Pordenone,093,PN,5,pianura,0,0,0,2,37,14,74,37,45.5352,2026,8346,2021,8368,2024,0,C,Sottosezione Pianura Centrale,45.966031,12.772174,OSM municipio way/36660104,45.966667,12.766667,431,Q53206,Zoppola,Zoppola,Çopule,"ISTAT SITUAS rep.61/73/74/75 al 07/10/2026; ISTAT Altimetria comuni 31/12/2021 (DEM); ISTAT confini generalizzati 01/01/2026; Wikidata (coord, nomi)"
093052,Vajont,Vajont,,Pordenone,093,PN,3,collina interna,0,0,0,2,290,242,295,282,1.5858,2026,1669,2021,1617,2024,0,D,Sottosezione Pianura Centrale,46.14618,12.697931,OSM municipio way/36660044,46.1471,12.6962,168,Q53202,"Vajont, Pordenone",Vajont,Vaiont,"ISTAT SITUAS rep.61/73/74/75 al 07/10/2026; ISTAT Altimetria comuni 31/12/2021 (DEM); ISTAT confini generalizzati 01/01/2026; Wikidata (coord, nomi)"
093053,Valvasone Arzene,Valvasone Arzene,,Pordenone,093,PN,5,pianura,0,0,0,3,63,41,79,54,29.675,2026,3917,2021,3933,2024,0,C,Sottosezione Pianura Centrale,46.000312,12.846889,OSM municipio way/36660053,46.0022,12.8477,219,Q18601767,Valvasone Arzene,Valvasone Arzene,Voleson Darzin,"ISTAT SITUAS rep.61/73/74/75 al 07/10/2026; ISTAT Altimetria comuni 31/12/2021 (DEM); ISTAT confini generalizzati 01/01/2026; Wikidata (coord, nomi)"
