schema,area,origine,n_comuni,mediana_min,min_min,comune_min,max_min,comune_max
S3,colline-pianura,trieste,138,72,36,Ronchi dei Legionari,113,Montereale Valcellina
S3,colline-pianura,udine,138,35,0,Udine,79,Polcenigo
S3,colline-pianura,aer_trieste,138,48,6,Ronchi dei Legionari,89,Montereale Valcellina
S3,colline-pianura,aer_venezia,138,80,46,Pravisdomini,107,San Pietro al Natisone
S3,colline-pianura,lubiana,138,119,78,Gorizia,161,Montereale Valcellina
S3,colline-pianura,klagenfurt,138,125,89,Osoppo,164,Caneva
S3,colline-pianura,vienna,138,332,300,Osoppo,374,Caneva
S3,colline-pianura,monaco,138,306,270,Osoppo,345,Caneva
S3,colline-pianura,salisburgo,138,227,191,Osoppo,266,Caneva
S3,mare,trieste,19,41,2,Trieste,83,Lignano Sabbiadoro
S3,mare,udine,19,45,36,Terzo d'Aquileia,73,Muggia
S3,mare,aer_trieste,19,25,8,San Canzian d'Isonzo,59,Lignano Sabbiadoro
S3,mare,aer_venezia,19,83,58,Latisana,114,Muggia
S3,mare,lubiana,19,85,62,Monrupino,131,Lignano Sabbiadoro
S3,mare,klagenfurt,19,132,123,Monrupino,152,Lignano Sabbiadoro
S3,mare,vienna,19,324,300,Monrupino,362,Lignano Sabbiadoro
S3,mare,monaco,19,315,306,Terzo d'Aquileia,333,Lignano Sabbiadoro
S3,mare,salisburgo,19,236,227,Terzo d'Aquileia,254,Lignano Sabbiadoro
S3,montagna,trieste,58,104,79,Trasaghis,140,Sappada
S3,montagna,udine,58,59,34,Trasaghis,102,Erto e Casso
S3,montagna,aer_trieste,58,80,55,Trasaghis,116,Sappada
S3,montagna,aer_venezia,58,118,74,Erto e Casso,137,Rigolato
S3,montagna,lubiana,58,143,87,Tarvisio,187,Erto e Casso
S3,montagna,klagenfurt,58,106,45,Tarvisio,175,Erto e Casso
S3,montagna,vienna,58,316,256,Tarvisio,386,Erto e Casso
S3,montagna,monaco,58,278,226,Tarvisio,330,Andreis
S3,montagna,salisburgo,58,205,147,Tarvisio,277,Erto e Casso
S4,carso-trieste,trieste,10,23,2,Trieste,47,Savogna d'Isonzo
S4,carso-trieste,udine,10,51,38,Sagrado,73,Muggia
S4,carso-trieste,aer_trieste,10,27,12,Fogliano Redipuglia,49,Muggia
S4,carso-trieste,aer_venezia,10,92,78,Sagrado,114,Muggia
S4,carso-trieste,lubiana,10,75,62,Monrupino,87,Fogliano Redipuglia
S4,carso-trieste,klagenfurt,10,132,123,Monrupino,137,Duino Aurisina
S4,carso-trieste,vienna,10,313,300,Monrupino,326,Fogliano Redipuglia
S4,carso-trieste,monaco,10,318,308,Sagrado,328,Muggia
S4,carso-trieste,salisburgo,10,239,229,Sagrado,249,Muggia
S4,colline-pianura,trieste,138,72,36,Ronchi dei Legionari,113,Montereale Valcellina
S4,colline-pianura,udine,138,35,0,Udine,79,Polcenigo
S4,colline-pianura,aer_trieste,138,48,6,Ronchi dei Legionari,89,Montereale Valcellina
S4,colline-pianura,aer_venezia,138,80,46,Pravisdomini,107,San Pietro al Natisone
S4,colline-pianura,lubiana,138,119,78,Gorizia,161,Montereale Valcellina
S4,colline-pianura,klagenfurt,138,125,89,Osoppo,164,Caneva
S4,colline-pianura,vienna,138,332,300,Osoppo,374,Caneva
S4,colline-pianura,monaco,138,306,270,Osoppo,345,Caneva
S4,colline-pianura,salisburgo,138,227,191,Osoppo,266,Caneva
S4,costa-laguna,trieste,9,55,33,Monfalcone,83,Lignano Sabbiadoro
S4,costa-laguna,udine,9,43,36,Terzo d'Aquileia,63,Lignano Sabbiadoro
S4,costa-laguna,aer_trieste,9,20,8,San Canzian d'Isonzo,59,Lignano Sabbiadoro
S4,costa-laguna,aer_venezia,9,80,58,Latisana,97,Grado
S4,costa-laguna,lubiana,9,101,80,Monfalcone,131,Lignano Sabbiadoro
S4,costa-laguna,klagenfurt,9,132,125,Terzo d'Aquileia,152,Lignano Sabbiadoro
S4,costa-laguna,vienna,9,339,319,Monfalcone,362,Lignano Sabbiadoro
S4,costa-laguna,monaco,9,313,306,Terzo d'Aquileia,333,Lignano Sabbiadoro
S4,costa-laguna,salisburgo,9,234,227,Terzo d'Aquileia,254,Lignano Sabbiadoro
S4,montagna,trieste,58,104,79,Trasaghis,140,Sappada
S4,montagna,udine,58,59,34,Trasaghis,102,Erto e Casso
S4,montagna,aer_trieste,58,80,55,Trasaghis,116,Sappada
S4,montagna,aer_venezia,58,118,74,Erto e Casso,137,Rigolato
S4,montagna,lubiana,58,143,87,Tarvisio,187,Erto e Casso
S4,montagna,klagenfurt,58,106,45,Tarvisio,175,Erto e Casso
S4,montagna,vienna,58,316,256,Tarvisio,386,Erto e Casso
S4,montagna,monaco,58,278,226,Tarvisio,330,Andreis
S4,montagna,salisburgo,58,205,147,Tarvisio,277,Erto e Casso
S5,carso-trieste,trieste,10,23,2,Trieste,47,Savogna d'Isonzo
S5,carso-trieste,udine,10,51,38,Sagrado,73,Muggia
S5,carso-trieste,aer_trieste,10,27,12,Fogliano Redipuglia,49,Muggia
S5,carso-trieste,aer_venezia,10,92,78,Sagrado,114,Muggia
S5,carso-trieste,lubiana,10,75,62,Monrupino,87,Fogliano Redipuglia
S5,carso-trieste,klagenfurt,10,132,123,Monrupino,137,Duino Aurisina
S5,carso-trieste,vienna,10,313,300,Monrupino,326,Fogliano Redipuglia
S5,carso-trieste,monaco,10,318,308,Sagrado,328,Muggia
S5,carso-trieste,salisburgo,10,239,229,Sagrado,249,Muggia
S5,colline,trieste,47,78,51,Gorizia,113,Montereale Valcellina
S5,colline,udine,47,33,14,Pagnacco,79,Polcenigo
S5,colline,aer_trieste,47,54,27,Gorizia,89,Montereale Valcellina
S5,colline,aer_venezia,47,92,50,Caneva,107,San Pietro al Natisone
S5,colline,lubiana,47,126,78,Gorizia,161,Montereale Valcellina
S5,colline,klagenfurt,47,121,89,Osoppo,164,Caneva
S5,colline,vienna,47,324,300,Osoppo,374,Caneva
S5,colline,monaco,47,302,270,Osoppo,345,Caneva
S5,colline,salisburgo,47,223,191,Osoppo,266,Caneva
S5,costa-laguna,trieste,9,55,33,Monfalcone,83,Lignano Sabbiadoro
S5,costa-laguna,udine,9,43,36,Terzo d'Aquileia,63,Lignano Sabbiadoro
S5,costa-laguna,aer_trieste,9,20,8,San Canzian d'Isonzo,59,Lignano Sabbiadoro
S5,costa-laguna,aer_venezia,9,80,58,Latisana,97,Grado
S5,costa-laguna,lubiana,9,101,80,Monfalcone,131,Lignano Sabbiadoro
S5,costa-laguna,klagenfurt,9,132,125,Terzo d'Aquileia,152,Lignano Sabbiadoro
S5,costa-laguna,vienna,9,339,319,Monfalcone,362,Lignano Sabbiadoro
S5,costa-laguna,monaco,9,313,306,Terzo d'Aquileia,333,Lignano Sabbiadoro
S5,costa-laguna,salisburgo,9,234,227,Terzo d'Aquileia,254,Lignano Sabbiadoro
S5,montagna,trieste,58,104,79,Trasaghis,140,Sappada
S5,montagna,udine,58,59,34,Trasaghis,102,Erto e Casso
S5,montagna,aer_trieste,58,80,55,Trasaghis,116,Sappada
S5,montagna,aer_venezia,58,118,74,Erto e Casso,137,Rigolato
S5,montagna,lubiana,58,143,87,Tarvisio,187,Erto e Casso
S5,montagna,klagenfurt,58,106,45,Tarvisio,175,Erto e Casso
S5,montagna,vienna,58,316,256,Tarvisio,386,Erto e Casso
S5,montagna,monaco,58,278,226,Tarvisio,330,Andreis
S5,montagna,salisburgo,58,205,147,Tarvisio,277,Erto e Casso
S5,pianura,trieste,91,65,36,Ronchi dei Legionari,99,Vivaro
S5,pianura,udine,91,35,0,Udine,72,Sacile
S5,pianura,aer_trieste,91,41,6,Ronchi dei Legionari,75,Vivaro
S5,pianura,aer_venezia,91,74,46,Pravisdomini,96,Moimacco
S5,pianura,lubiana,91,111,84,Ronchi dei Legionari,147,Vivaro
S5,pianura,klagenfurt,91,126,102,Tavagnacco,161,Sacile
S5,pianura,vienna,91,333,313,Tavagnacco,372,Sacile
S5,pianura,monaco,91,308,283,Tavagnacco,342,Sacile
S5,pianura,salisburgo,91,228,204,Tavagnacco,264,Sacile
