destinazione,dest_id,trieste,udine,aer_trieste,aer_venezia,lubiana,klagenfurt,vienna,monaco,salisburgo
Grado,031009,62,57,34,97,110,146,348,327,248
Cervignano del Friuli · Scodovacca,F-scodovacca,49,38,17,79,94,127,333,308,230
Ronchi dei Legionari,031016,36,36,6,76,84,125,322,306,227
San Canzian d'Isonzo · Begliano,F-begliano,40,39,5,79,88,128,326,309,230
Sappada,030189,140,95,116,122,181,139,349,278,230
Duino Aurisina,032001,24,49,25,90,76,137,314,320,240
Muggia,032003,18,73,49,114,74,135,312,328,249
Socchieve · Viaso,F-viaso,105,60,81,125,146,104,315,285,206
Lignano Sabbiadoro,030049,83,63,59,76,131,152,362,333,254
